Facility ID,Lower Altitude,Upper Altitude,Latitude,Longitude,Lat Lon Neighbor
ZMP,0,5000,42130000N,093211500W,ZAU
ZMP,0,5000,42093000N,093160000W,ZAU
ZMP,0,5000,41573000N,092570000W,ZAU
ZMP,0,5000,41553000N,092504000W,ZAU
ZMP,0,5000,41240000N,092450000W,ZAU
ZMP,0,5000,41140000N,092550000W,ZAU
ZMP,0,5000,40553000N,093190000W,ZAU
ZMP,0,5000,40564000N,093334500W,ZAU
ZMP,0,5000,40550300N,093332500W,ZAU
ZMP,0,5000,40313000N,093293000W,ZKC
ZMP,0,5000,40273000N,093543000W,ZKC
ZMP,0,5000,40254000N,094042100W,ZKC
ZMP,0,5000,40210200N,094300000W,ZKC
ZMP,0,5000,40090000N,095330000W,ZKC
ZMP,0,5000,40044500N,095550000W,ZKC
ZMP,0,5000,40030000N,096050000W,ZKC
ZMP,0,5000,39520000N,096580000W,ZKC
ZMP,0,5000,39400000N,097530000W,ZKC
ZMP,0,5000,39280000N,098480000W,ZDV
ZMP,0,5000,39590000N,099033000W,ZDV
ZMP,0,5000,40135000N,099032000W,ZDV
ZMP,0,5000,40210000N,099031500W,ZDV
ZMP,0,5000,40220000N,099172000W,ZDV
ZMP,0,5000,40510000N,099200000W,ZDV
ZMP,0,5000,40540000N,099200000W,ZDV
ZMP,0,5000,41052000N,099100000W,ZDV
ZMP,0,5000,41043000N,099020000W,ZDV
ZMP,0,5000,41430000N,099013000W,ZDV
ZMP,0,5000,42000000N,099010000W,ZDV
ZMP,0,5000,43080000N,099580000W,ZDV
ZMP,0,5000,43172000N,100060000W,ZDV
ZMP,0,5000,43423000N,101243000W,ZDV
ZMP,0,5000,44420000N,101290000W,ZDV
ZMP,0,5000,44573000N,103100000W,ZLC
ZMP,0,5000,46270000N,103100000W,ZLC
ZMP,0,5000,47150000N,103100000W,ZLC
ZMP,0,5000,47504600N,103100000W,ZLC
ZMP,0,5000,49000000N,103100000W,ZWG
ZMP,0,5000,49000000N,101000000W,ZWG
ZMP,0,5000,49000000N,099350000W,ZWG
ZMP,0,5000,49000000N,097430000W,ZWG
ZMP,0,5000,49000000N,096050000W,ZWG
ZMP,0,5000,49000000N,096000000W,ZWG
ZMP,0,5000,49051100N,095595500W,ZWG
ZMP,0,5000,49100000N,096000000W,ZWG
ZMP,0,5000,49100000N,095320000W,ZWG
ZMP,0,5000,49045500N,095223700W,ZWG
ZMP,0,5000,49000000N,095130000W,ZWG
ZMP,0,5000,49000000N,094520000W,ZWG
ZMP,0,5000,49000000N,094000000W,ZWG
ZMP,0,5000,49000000N,093300000W,ZWG
ZMP,0,5000,48583000N,093240000W,ZWG
ZMP,0,5000,48343700N,091490000W,ZWG
ZMP,0,5000,48063000N,090060000W,ZWG
ZMP,0,5000,48010000N,090000000W,ZWG
ZMP,0,5000,47533000N,089493000W,ZWG
ZMP,0,5000,47475400N,089244400W,ZWG
ZMP,0,5000,47475600N,089190000W,ZWG
ZMP,0,5000,47480000N,089063000W,ZWG
ZMP,0,5000,47543000N,088463000W,ZWG
ZMP,0,5000,47191500N,087300000W,ZWG
ZMP,0,5000,47050000N,087000000W,ZYZ
ZMP,0,5000,46573000N,086295600W,ZYZ
ZMP,0,5000,46480000N,085530000W,ZYZ
ZMP,0,5000,46450000N,085380000W,ZYZ
ZMP,0,5000,46320000N,085000000W,ZYZ
ZMP,0,5000,46230000N,085000000W,ZYZ
ZMP,0,5000,46070000N,084530000W,ZYZ
ZMP,0,5000,45520300N,084185700W,ZYZ
ZMP,0,5000,45470000N,084080000W,ZYZ
ZMP,0,5000,45470000N,083300000W,ZYZ
ZMP,0,5000,45200000N,082300000W,ZYZ
ZMP,0,5000,44545600N,082251700W,ZYZ
ZMP,0,5000,44400000N,082210000W,ZYZ
ZMP,0,5000,44225600N,082181400W,ZYZ
ZMP,0,5000,43511900N,082101000W,ZOB
ZMP,0,5000,43452100N,083173600W,ZOB
ZMP,0,5000,43550000N,083174500W,ZOB
ZMP,0,5000,44052800N,083400100W,ZOB
ZMP,0,5000,44093700N,083581200W,ZOB
ZMP,0,5000,44094500N,084033000W,ZOB
ZMP,0,5000,44095000N,084072400W,ZOB
ZMP,0,5000,44080100N,084205700W,ZOB
ZMP,0,5000,44052500N,084292300W,ZOB
ZMP,0,5000,43543900N,084463700W,ZOB
ZMP,0,5000,43455800N,084531600W,ZOB
ZMP,0,5000,43410000N,084552200W,ZOB
ZMP,0,5000,43351200N,084574900W,ZAU
ZMP,0,5000,43374100N,085443000W,ZAU
ZMP,0,5000,43390400N,086130000W,ZAU
ZMP,0,5000,43410600N,087000000W,ZAU
ZMP,0,5000,43413000N,087101000W,ZAU
ZMP,0,5000,43580000N,087323000W,ZAU
ZMP,0,5000,44060000N,088280000W,ZAU
ZMP,0,5000,44093400N,088451500W,ZAU
ZMP,0,5000,44133000N,089043400W,ZAU
ZMP,0,5000,44110000N,089221500W,ZAU
ZMP,0,5000,44091500N,089351500W,ZAU
ZMP,0,5000,44091500N,089374500W,ZAU
ZMP,0,5000,44091500N,089584000W,ZAU
ZMP,0,5000,44100000N,089590000W,ZAU
ZMP,0,5000,44100000N,090045200W,ZAU
ZMP,0,5000,44180000N,090045800W,ZAU
ZMP,0,5000,44180000N,090110000W,ZAU
ZMP,0,5000,44100600N,090351600W,ZAU
ZMP,0,5000,44093600N,090365000W,ZAU
ZMP,0,5000,44093600N,090402200W,ZAU
ZMP,0,5000,44084000N,090402200W,ZAU
ZMP,0,5000,44084000N,090442000W,ZAU
ZMP,0,5000,44030000N,090443500W,ZAU
ZMP,0,5000,44030000N,090530000W,ZAU
ZMP,0,5000,44000300N,090500000W,ZAU
ZMP,0,5000,43540000N,090480000W,ZAU
ZMP,0,5000,43412000N,090455500W,ZAU
ZMP,0,5000,43370500N,090494500W,ZAU
ZMP,0,5000,43354500N,090511500W,ZAU
ZMP,0,5000,43220000N,091050000W,ZAU
ZMP,0,5000,43200000N,091070700W,ZAU
ZMP,0,5000,43140000N,091131500W,ZAU
ZMP,0,5000,42470000N,091400000W,ZAU
ZMP,0,5000,42550000N,091590000W,ZAU
ZMP,0,5000,43163000N,092160000W,ZAU
ZMP,0,5000,43143000N,092391000W,ZAU
ZMP,0,5000,43124000N,092522000W,ZAU
ZMP,0,5000,42470000N,093000000W,ZAU
ZMP,0,5000,42400000N,093030000W,ZAU
ZMP,0,5000,42394500N,093160000W,ZAU
ZMP,0,5000,42141500N,093212000W,ZAU
ZAU,0,5000,44110000N,089221500W,ZMP
ZAU,0,5000,44133000N,089043400W,ZMP
ZAU,0,5000,44093400N,088451500W,ZMP
ZAU,0,5000,44060000N,088280000W,ZMP
ZAU,0,5000,43580000N,087323000W,ZMP
ZAU,0,5000,43413000N,087101000W,ZMP
ZAU,0,5000,43410600N,087000000W,ZMP
ZAU,0,5000,43390400N,086130000W,ZMP
ZAU,0,5000,43374100N,085443000W,ZMP
ZAU,0,5000,43351200N,084574900W,ZOB
ZAU,0,5000,43300000N,085000000W,ZOB
ZAU,0,5000,43104000N,085000000W,ZOB
ZAU,0,5000,43021000N,085000000W,ZOB
ZAU,0,5000,42580000N,085000000W,ZOB
ZAU,0,5000,42570000N,085020000W,ZOB
ZAU,0,5000,42410000N,085030000W,ZOB
ZAU,0,5000,42373000N,085014000W,ZOB
ZAU,0,5000,42355682N,084595997W,ZOB
ZAU,0,5000,42261000N,084493000W,ZOB
ZAU,0,5000,42140000N,084503000W,ZOB
ZAU,0,5000,42081818N,084443984W,ZOB
ZAU,0,5000,42034500N,084400000W,ZOB
ZAU,0,5000,41591259N,084414254W,ZOB
ZAU,0,5000,41480000N,084460000W,ZOB
ZAU,0,5000,41373000N,084500000W,ZOB
ZAU,0,5000,41182200N,084373900W,ZOB
ZAU,0,5000,41131402N,084342417W,ZOB
ZAU,0,5000,40514700N,084205000W,ZID
ZAU,0,5000,40360000N,084231500W,ZID
ZAU,0,5000,40243000N,084493000W,ZID
ZAU,0,5000,40180000N,085053000W,ZID
ZAU,0,5000,40260000N,085190000W,ZID
ZAU,0,5000,40310000N,085283000W,ZID
ZAU,0,5000,40333000N,085301500W,ZID
ZAU,0,5000,40301000N,085334100W,ZID
ZAU,0,5000,40161500N,085475100W,ZID
ZAU,0,5000,40071000N,085572000W,ZID
ZAU,0,5000,40123000N,086050000W,ZID
ZAU,0,5000,40133000N,086210000W,ZID
ZAU,0,5000,40095000N,086520000W,ZID
ZAU,0,5000,40041500N,086550000W,ZID
ZAU,0,5000,40180000N,087150000W,ZID
ZAU,0,5000,39430000N,087503000W,ZID
ZAU,0,5000,39250000N,087580000W,ZID
ZAU,0,5000,39231000N,088074500W,ZKC
ZAU,0,5000,39210000N,088191500W,ZKC
ZAU,0,5000,39340000N,089090000W,ZKC
ZAU,0,5000,39483000N,089130000W,ZKC
ZAU,0,5000,40000000N,089110500W,ZKC
ZAU,0,5000,40010000N,089110000W,ZKC
ZAU,0,5000,40043000N,089144500W,ZKC
ZAU,0,5000,40170000N,088513000W,ZKC
ZAU,0,5000,40163500N,088370000W,ZKC
ZAU,0,5000,40263000N,088340000W,ZKC
ZAU,0,5000,40350000N,088314500W,ZKC
ZAU,0,5000,40442600N,088394500W,ZKC
ZAU,0,5000,40442600N,089084400W,ZKC
ZAU,0,5000,40533000N,089173000W,ZKC
ZAU,0,5000,41035700N,089385100W,ZKC
ZAU,0,5000,41083000N,089474500W,ZKC
ZAU,0,5000,41081500N,089533000W,ZKC
ZAU,0,5000,41043000N,090044500W,ZKC
ZAU,0,5000,41012800N,090145700W,ZKC
ZAU,0,5000,40513300N,090171000W,ZKC
ZAU,0,5000,40490000N,090250000W,ZKC
ZAU,0,5000,40202000N,090340500W,ZKC
ZAU,0,5000,40242800N,090432700W,ZKC
ZAU,0,5000,40251500N,090540000W,ZKC
ZAU,0,5000,40263000N,091133000W,ZKC
ZAU,0,5000,40470000N,091390000W,ZKC
ZAU,0,5000,40455000N,091443000W,ZKC
ZAU,0,5000,40380500N,092430000W,ZKC
ZAU,0,5000,40313000N,093293000W,ZMP
ZAU,0,5000,40550300N,093332500W,ZMP
ZAU,0,5000,40564000N,093334500W,ZMP
ZAU,0,5000,40553000N,093190000W,ZMP
ZAU,0,5000,41140000N,092550000W,ZMP
ZAU,0,5000,41240000N,092450000W,ZMP
ZAU,0,5000,41553000N,092504000W,ZMP
ZAU,0,5000,41573000N,092570000W,ZMP
ZAU,0,5000,42093000N,093160000W,ZMP
ZAU,0,5000,42130000N,093211500W,ZMP
ZAU,0,5000,42141500N,093212000W,ZMP
ZAU,0,5000,42394500N,093160000W,ZMP
ZAU,0,5000,42400000N,093030000W,ZMP
ZAU,0,5000,42470000N,093000000W,ZMP
ZAU,0,5000,43124000N,092522000W,ZMP
ZAU,0,5000,43143000N,092391000W,ZMP
ZAU,0,5000,43163000N,092160000W,ZMP
ZAU,0,5000,42550000N,091590000W,ZMP
ZAU,0,5000,42470000N,091400000W,ZMP
ZAU,0,5000,43140000N,091131500W,ZMP
ZAU,0,5000,43200000N,091070700W,ZMP
ZAU,0,5000,43220000N,091050000W,ZMP
ZAU,0,5000,43354500N,090511500W,ZMP
ZAU,0,5000,43370500N,090494500W,ZMP
ZAU,0,5000,43412000N,090455500W,ZMP
ZAU,0,5000,43540000N,090480000W,ZMP
ZAU,0,5000,44000300N,090500000W,ZMP
ZAU,0,5000,44030000N,090530000W,ZMP
ZAU,0,5000,44030000N,090443500W,ZMP
ZAU,0,5000,44084000N,090442000W,ZMP
ZAU,0,5000,44084000N,090402200W,ZMP
ZAU,0,5000,44093600N,090402200W,ZMP
ZAU,0,5000,44093600N,090365000W,ZMP
ZAU,0,5000,44100600N,090351600W,ZMP
ZAU,0,5000,44180000N,090110000W,ZMP
ZAU,0,5000,44180000N,090045800W,ZMP
ZAU,0,5000,44100000N,090045200W,ZMP
ZAU,0,5000,44100000N,089590000W,ZMP
ZAU,0,5000,44091500N,089584000W,ZMP
ZAU,0,5000,44091500N,089374500W,ZMP
ZAU,0,5000,44091500N,089351500W,ZMP
ZDV,0,7000,38120000N,109590000W,ZLC
ZDV,0,7000,38314000N,109590000W,ZLC
ZDV,0,7000,38311500N,110114300W,ZLC
ZDV,0,7000,38543600N,110055300W,ZLC
ZDV,0,7000,38564400N,109590000W,ZLC
ZDV,0,7000,39130000N,109590000W,ZLC
ZDV,0,7000,39350000N,110180000W,ZLC
ZDV,0,7000,39455000N,109490000W,ZLC
ZDV,0,7000,40000000N,109100000W,ZLC
ZDV,0,7000,40140000N,109090000W,ZLC
ZDV,0,7000,40510000N,109060000W,ZLC
ZDV,0,7000,41220000N,108163000W,ZLC
ZDV,0,7000,41321500N,108042000W,ZLC
ZDV,0,7000,41363000N,108000000W,ZLC
ZDV,0,7000,42250000N,107030000W,ZLC
ZDV,0,7000,42290000N,107040000W,ZLC
ZDV,0,7000,42323500N,107042500W,ZLC
ZDV,0,7000,42570000N,107080000W,ZLC
ZDV,0,7000,43530000N,107170000W,ZLC
ZDV,0,7000,44190000N,106160000W,ZLC
ZDV,0,7000,44460000N,106083000W,ZLC
ZDV,0,7000,45141500N,106000000W,ZLC
ZDV,0,7000,45090000N,104461000W,ZLC
ZDV,0,7000,45070000N,104150000W,ZLC
ZDV,0,7000,44573000N,103100000W,ZMP
ZDV,0,7000,44420000N,101290000W,ZMP
ZDV,0,7000,43423000N,101243000W,ZMP
ZDV,0,7000,43172000N,100060000W,ZMP
ZDV,0,7000,43080000N,099580000W,ZMP
ZDV,0,7000,42000000N,099010000W,ZMP
ZDV,0,7000,41430000N,099013000W,ZMP
ZDV,0,7000,41043000N,099020000W,ZMP
ZDV,0,7000,41052000N,099100000W,ZMP
ZDV,0,7000,40540000N,099200000W,ZMP
ZDV,0,7000,40510000N,099200000W,ZMP
ZDV,0,7000,40220000N,099172000W,ZMP
ZDV,0,7000,40210000N,099031500W,ZMP
ZDV,0,7000,40135000N,099032000W,ZMP
ZDV,0,7000,39590000N,099033000W,ZMP
ZDV,0,7000,39280000N,098480000W,ZKC
ZDV,0,7000,39160000N,099130000W,ZKC
ZDV,0,7000,39033000N,099375000W,ZKC
ZDV,0,7000,38443900N,100140200W,ZKC
ZDV,0,7000,38405660N,100211024W,ZKC
ZDV,0,7000,38230300N,100551700W,ZKC
ZDV,0,7000,38130700N,101140000W,ZKC
ZDV,0,7000,37300000N,102330000W,ZAB
ZDV,0,7000,37094500N,103371000W,ZAB
ZDV,0,7000,37024300N,104000000W,ZAB
ZDV,0,7000,36430000N,105000000W,ZAB
ZDV,0,7000,36430000N,105203000W,ZAB
ZDV,0,7000,36430000N,106050000W,ZAB
ZDV,0,7000,36373700N,106210000W,ZAB
ZDV,0,7000,36120000N,107280000W,ZAB
ZDV,0,7000,36020000N,108130000W,ZAB
ZDV,0,7000,35510000N,109190000W,ZAB
ZDV,0,7000,35420000N,110140000W,ZAB
ZDV,0,7000,35460000N,111503000W,ZLA
ZDV,0,7000,36251500N,111301500W,ZLA
ZDV,0,7000,36305400N,111320800W,ZLA
ZDV,0,7000,36440000N,111363000W,ZLA
ZDV,0,7000,37001800N,111430640W,ZLA
ZDV,0,7000,37244500N,111524500W,ZLA
ZDV,0,7000,37245000N,111534500W,ZLC
ZDV,0,7000,37420000N,111300000W,ZLC
ZDV,0,7000,37401000N,111213000W,ZLC
ZDV,0,7000,37390000N,111185000W,ZLC
ZKC,0,3000,36202500N,095010000W,ZME
ZKC,0,3000,36173000N,094551500W,ZME
ZKC,0,3000,35521500N,095220000W,ZFW
ZKC,0,3000,35350000N,095431500W,ZFW
ZKC,0,3000,35351500N,095474500W,ZFW
ZKC,0,3000,35283000N,095490000W,ZFW
ZKC,0,3000,35303000N,096084500W,ZFW
ZKC,0,3000,35374000N,096074500W,ZFW
ZKC,0,3000,35450000N,096140000W,ZFW
ZKC,0,3000,35390000N,096241500W,ZFW
ZKC,0,3000,35314000N,096502100W,ZFW
ZKC,0,3000,35372000N,096502200W,ZFW
ZKC,0,3000,35441500N,096544500W,ZFW
ZKC,0,3000,35504200N,097155000W,ZFW
ZKC,0,3000,36020000N,097350100W,ZFW
ZKC,0,3000,35582800N,097445000W,ZFW
ZKC,0,3000,35553000N,097530000W,ZFW
ZKC,0,3000,35530000N,098010000W,ZFW
ZKC,0,3000,35514500N,098085400W,ZFW
ZKC,0,3000,35490000N,098280000W,ZFW
ZKC,0,3000,35490000N,098300000W,ZFW
ZKC,0,3000,35490000N,098480000W,ZFW
ZKC,0,3000,35490000N,099134000W,ZFW
ZKC,0,3000,35500000N,099230100W,ZFW
ZKC,0,3000,35494500N,100000000W,ZAB
ZKC,0,3000,36235000N,101282000W,ZAB
ZKC,0,3000,36300000N,101450000W,ZAB
ZKC,0,3000,37023000N,102110000W,ZAB
ZKC,0,3000,37300000N,102330000W,ZDV
ZKC,0,3000,38130700N,101140000W,ZDV
ZKC,0,3000,38230300N,100551700W,ZDV
ZKC,0,3000,38405660N,100211024W,ZDV
ZKC,0,3000,38443900N,100140200W,ZDV
ZKC,0,3000,39033000N,099375000W,ZDV
ZKC,0,3000,39160000N,099130000W,ZDV
ZKC,0,3000,39280000N,098480000W,ZMP
ZKC,0,3000,39400000N,097530000W,ZMP
ZKC,0,3000,39520000N,096580000W,ZMP
ZKC,0,3000,40030000N,096050000W,ZMP
ZKC,0,3000,40044500N,095550000W,ZMP
ZKC,0,3000,40090000N,095330000W,ZMP
ZKC,0,3000,40210200N,094300000W,ZMP
ZKC,0,3000,40254000N,094042100W,ZMP
ZKC,0,3000,40273000N,093543000W,ZMP
ZKC,0,3000,40313000N,093293000W,ZAU
ZKC,0,3000,40380500N,092430000W,ZAU
ZKC,0,3000,40455000N,091443000W,ZAU
ZKC,0,3000,40470000N,091390000W,ZAU
ZKC,0,3000,40263000N,091133000W,ZAU
ZKC,0,3000,40251500N,090540000W,ZAU
ZKC,0,3000,40242800N,090432700W,ZAU
ZKC,0,3000,40202000N,090340500W,ZAU
ZKC,0,3000,40490000N,090250000W,ZAU
ZKC,0,3000,40513300N,090171000W,ZAU
ZKC,0,3000,41012800N,090145700W,ZAU
ZKC,0,3000,41043000N,090044500W,ZAU
ZKC,0,3000,41081500N,089533000W,ZAU
ZKC,0,3000,41083000N,089474500W,ZAU
ZKC,0,3000,41035700N,089385100W,ZAU
ZKC,0,3000,40533000N,089173000W,ZAU
ZKC,0,3000,40442600N,089084400W,ZAU
ZKC,0,3000,40442600N,088394500W,ZAU
ZKC,0,3000,40350000N,088314500W,ZAU
ZKC,0,3000,40263000N,088340000W,ZAU
ZKC,0,3000,40163500N,088370000W,ZAU
ZKC,0,3000,40170000N,088513000W,ZAU
ZKC,0,3000,40043000N,089144500W,ZAU
ZKC,0,3000,40010000N,089110000W,ZAU
ZKC,0,3000,40000000N,089110500W,ZAU
ZKC,0,3000,39483000N,089130000W,ZAU
ZKC,0,3000,39340000N,089090000W,ZAU
ZKC,0,3000,39210000N,088191500W,ZAU
ZKC,0,3000,39231000N,088074500W,ZID
ZKC,0,3000,38535700N,088063700W,ZID
ZKC,0,3000,38482900N,088062400W,ZID
ZKC,0,3000,38421300N,088061000W,ZID
ZKC,0,3000,38390500N,088060300W,ZID
ZKC,0,3000,38290700N,088054000W,ZID
ZKC,0,3000,38090000N,088140000W,ZID
ZKC,0,3000,37574600N,088161200W,ZID
ZKC,0,3000,37433000N,088190000W,ZME
ZKC,0,3000,37320000N,088500000W,ZME
ZKC,0,3000,37290000N,089030000W,ZME
ZKC,0,3000,37273000N,089110000W,ZME
ZKC,0,3000,37361500N,089273000W,ZME
ZKC,0,3000,37303000N,090053000W,ZME
ZKC,0,3000,37161500N,090020400W,ZME
ZKC,0,3000,37121100N,090200800W,ZME
ZKC,0,3000,37113200N,090225500W,ZME
ZKC,0,3000,37110300N,090250100W,ZME
ZKC,0,3000,37090000N,090340000W,ZME
ZKC,0,3000,37061200N,090525800W,ZME
ZKC,0,3000,36505236N,092305357W,ZME
ZKC,0,3000,36411757N,092415610W,ZME
ZKC,0,3000,36253000N,093000000W,ZME
ZKC,0,3000,36250000N,093060000W,ZME
ZKC,0,3000,36230000N,093313500W,ZME
ZKC,0,3000,36311000N,093350000W,ZME
ZKC,0,3000,36370600N,093471300W,ZME
ZKC,0,3000,36414500N,093563000W,ZME
ZKC,0,3000,36450000N,094030000W,ZME
ZKC,0,3000,36433000N,094180000W,ZME
ZKC,0,3000,36370000N,094310000W,ZME
ZKC,0,3000,36280000N,094420000W,ZME
ZKC,0,3000,36253300N,094423600W,ZME
ZLC,0,9000,40510000N,109060000W,ZDV
ZLC,0,9000,40140000N,109090000W,ZDV
ZLC,0,9000,40000000N,109100000W,ZDV
ZLC,0,9000,39455000N,109490000W,ZDV
ZLC,0,9000,39350000N,110180000W,ZDV
ZLC,0,9000,39130000N,109590000W,ZDV
ZLC,0,9000,38564400N,109590000W,ZDV
ZLC,0,9000,38543600N,110055300W,ZDV
ZLC,0,9000,38311500N,110114300W,ZDV
ZLC,0,9000,38314000N,109590000W,ZDV
ZLC,0,9000,38120000N,109590000W,ZDV
ZLC,0,9000,37390000N,111185000W,ZDV
ZLC,0,9000,37401000N,111213000W,ZDV
ZLC,0,9000,37420000N,111300000W,ZDV
ZLC,0,9000,37245000N,111534500W,ZLA
ZLC,0,9000,37272223N,112251858W,ZLA
ZLC,0,9000,37300000N,113000000W,ZLA
ZLC,0,9000,37430000N,113470000W,ZLA
ZLC,0,9000,37492500N,113420100W,ZLA
ZLC,0,9000,37534400N,113420300W,ZLA
ZLC,0,9000,38010000N,114120300W,ZLA
ZLC,0,9000,38010000N,114300300W,ZLA
ZLC,0,9000,37595900N,114420600W,ZLA
ZLC,0,9000,37530000N,116110300W,ZLA
ZLC,0,9000,38140000N,116185200W,ZLA
ZLC,0,9000,38204500N,117005000W,ZLA
ZLC,0,9000,38174500N,117164100W,ZOA
ZLC,0,9000,38244700N,117165300W,ZOA
ZLC,0,9000,38464000N,117173000W,ZOA
ZLC,0,9000,38580800N,117182700W,ZOA
ZLC,0,9000,39122500N,117193000W,ZOA
ZLC,0,9000,39250000N,117200000W,ZOA
ZLC,0,9000,39560000N,117220000W,ZOA
ZLC,0,9000,40071600N,117435600W,ZOA
ZLC,0,9000,41000000N,119300000W,ZSE
ZLC,0,9000,42200000N,119060000W,ZSE
ZLC,0,9000,42400000N,119000000W,ZSE
ZLC,0,9000,43320000N,119150000W,ZSE
ZLC,0,9000,43380000N,119170000W,ZSE
ZLC,0,9000,43440000N,119130000W,ZSE
ZLC,0,9000,44420000N,118323000W,ZSE
ZLC,0,9000,44510000N,118270000W,ZSE
ZLC,0,9000,45074800N,118034200W,ZSE
ZLC,0,9000,45140000N,117550000W,ZSE
ZLC,0,9000,45200000N,117450000W,ZSE
ZLC,0,9000,45200000N,117300000W,ZSE
ZLC,0,9000,45200000N,117003600W,ZSE
ZLC,0,9000,45200000N,115000000W,ZSE
ZLC,0,9000,46250000N,115000000W,ZSE
ZLC,0,9000,47090000N,115000000W,ZSE
ZLC,0,9000,47350000N,115000000W,ZSE
ZLC,0,9000,48250000N,115000000W,ZSE
ZLC,0,9000,48550000N,114430400W,ZSE
ZLC,0,9000,48570000N,114420000W,ZSE
ZLC,0,9000,49000000N,114400000W,ZEG
ZLC,0,9000,49000000N,113000000W,ZEG
ZLC,0,9000,49000000N,111400000W,ZEG
ZLC,0,9000,49000000N,110400000W,ZEG
ZLC,0,9000,49000000N,110000000W,ZWG
ZLC,0,9000,49000000N,109110000W,ZWG
ZLC,0,9000,49000000N,108000000W,ZWG
ZLC,0,9000,49000000N,106300000W,ZWG
ZLC,0,9000,49000000N,105000000W,ZWG
ZLC,0,9000,49000000N,104300000W,ZWG
ZLC,0,9000,49000000N,103403000W,ZWG
ZLC,0,9000,49000000N,103100000W,ZMP
ZLC,0,9000,47504600N,103100000W,ZMP
ZLC,0,9000,47150000N,103100000W,ZMP
ZLC,0,9000,46270000N,103100000W,ZMP
ZLC,0,9000,44573000N,103100000W,ZDV
ZLC,0,9000,45070000N,104150000W,ZDV
ZLC,0,9000,45090000N,104461000W,ZDV
ZLC,0,9000,45141500N,106000000W,ZDV
ZLC,0,9000,44460000N,106083000W,ZDV
ZLC,0,9000,44190000N,106160000W,ZDV
ZLC,0,9000,43530000N,107170000W,ZDV
ZLC,0,9000,42570000N,107080000W,ZDV
ZLC,0,9000,42323500N,107042500W,ZDV
ZLC,0,9000,42290000N,107040000W,ZDV
ZLC,0,9000,42250000N,107030000W,ZDV
ZLC,0,9000,41363000N,108000000W,ZDV
ZLC,0,9000,41321500N,108042000W,ZDV
ZLC,0,9000,41220000N,108163000W,ZDV
ZOB,0,5000,40231400N,081415900W,ZID
ZOB,0,5000,40313800N,081451600W,ZID
ZOB,0,5000,40360000N,081470000W,ZID
ZOB,0,5000,40360000N,081533000W,ZID
ZOB,0,5000,40353600N,082023000W,ZID
ZOB,0,5000,40351500N,082100000W,ZID
ZOB,0,5000,40342500N,082204000W,ZID
ZOB,0,5000,40331500N,082353000W,ZID
ZOB,0,5000,40330000N,082443000W,ZID
ZOB,0,5000,40314000N,083034300W,ZID
ZOB,0,5000,40311400N,083094400W,ZID
ZOB,0,5000,40303000N,083200000W,ZID
ZOB,0,5000,40333000N,083300000W,ZID
ZOB,0,5000,40441500N,083390000W,ZID
ZOB,0,5000,40470000N,083444500W,ZID
ZOB,0,5000,40514700N,084205000W,ZAU
ZOB,0,5000,41131402N,084342417W,ZAU
ZOB,0,5000,41182200N,084373900W,ZAU
ZOB,0,5000,41373000N,084500000W,ZAU
ZOB,0,5000,41480000N,084460000W,ZAU
ZOB,0,5000,41591259N,084414254W,ZAU
ZOB,0,5000,42034500N,084400000W,ZAU
ZOB,0,5000,42081818N,084443984W,ZAU
ZOB,0,5000,42140000N,084503000W,ZAU
ZOB,0,5000,42261000N,084493000W,ZAU
ZOB,0,5000,42355682N,084595997W,ZAU
ZOB,0,5000,42373000N,085014000W,ZAU
ZOB,0,5000,42410000N,085030000W,ZAU
ZOB,0,5000,42570000N,085020000W,ZAU
ZOB,0,5000,42580000N,085000000W,ZAU
ZOB,0,5000,43021000N,085000000W,ZAU
ZOB,0,5000,43104000N,085000000W,ZAU
ZOB,0,5000,43300000N,085000000W,ZAU
ZOB,0,5000,43351200N,084574900W,ZMP
ZOB,0,5000,43410000N,084552200W,ZMP
ZOB,0,5000,43455800N,084531600W,ZMP
ZOB,0,5000,43543900N,084463700W,ZMP
ZOB,0,5000,44052500N,084292300W,ZMP
ZOB,0,5000,44080100N,084205700W,ZMP
ZOB,0,5000,44095000N,084072400W,ZMP
ZOB,0,5000,44094500N,084033000W,ZMP
ZOB,0,5000,44093700N,083581200W,ZMP
ZOB,0,5000,44052800N,083400100W,ZMP
ZOB,0,5000,43550000N,083174500W,ZMP
ZOB,0,5000,43452100N,083173600W,ZMP
ZOB,0,5000,43511900N,082101000W,ZYZ
ZOB,0,5000,43412000N,082073000W,ZYZ
ZOB,0,5000,43360000N,082070000W,ZYZ
ZOB,0,5000,43335527N,082080354W,ZYZ
ZOB,0,5000,43080000N,082212000W,ZYZ
ZOB,0,5000,43004100N,082250000W,ZYZ
ZOB,0,5000,42571500N,082241500W,ZYZ
ZOB,0,5000,42520000N,082243000W,ZYZ
ZOB,0,5000,42511200N,082162000W,ZYZ
ZOB,0,5000,42421002N,082033998W,ZYZ
ZOB,0,5000,42483000N,081494000W,ZYZ
ZOB,0,5000,42443000N,081131500W,ZYZ
ZOB,0,5000,42464500N,080534500W,ZYZ
ZOB,0,5000,42485000N,080160000W,ZYZ
ZOB,0,5000,42501000N,079504000W,ZYZ
ZOB,0,5000,42510000N,079450000W,ZYZ
ZOB,0,5000,42543000N,079201500W,ZYZ
ZOB,0,5000,43113500N,079012800W,ZYZ
ZOB,0,5000,43143000N,078570000W,ZYZ
ZOB,0,5000,43260000N,078450000W,ZYZ
ZOB,0,5000,43360000N,078450000W,ZYZ
ZOB,0,5000,43380000N,078404000W,ZYZ
ZOB,0,5000,43380000N,078210000W,ZYZ
ZOB,0,5000,43380300N,077563100W,ZUL
ZOB,0,5000,43375600N,077103600W,ZUL
ZOB,0,5000,43375200N,076474800W,ZBW
ZOB,0,5000,43240000N,076465000W,ZBW
ZOB,0,5000,43211600N,076464200W,ZBW
ZOB,0,5000,43201500N,076540000W,ZBW
ZOB,0,5000,42505000N,076523000W,ZBW
ZOB,0,5000,42460700N,076412100W,ZNY
ZOB,0,5000,42434000N,076415000W,ZNY
ZOB,0,5000,42363000N,076481000W,ZNY
ZOB,0,5000,42382500N,076533000W,ZNY
ZOB,0,5000,42393000N,077060000W,ZNY
ZOB,0,5000,42245900N,077253900W,ZNY
ZOB,0,5000,42180000N,077352000W,ZNY
ZOB,0,5000,42133000N,077270000W,ZNY
ZOB,0,5000,41491500N,077272000W,ZNY
ZOB,0,5000,41381500N,077340000W,ZNY
ZOB,0,5000,41332000N,077380000W,ZNY
ZOB,0,5000,41323000N,077383000W,ZNY
ZOB,0,5000,41250000N,077433000W,ZNY
ZOB,0,5000,41183000N,077483000W,ZNY
ZOB,0,5000,41191000N,077535900W,ZNY
ZOB,0,5000,41215100N,078155500W,ZNY
ZOB,0,5000,41182500N,078193000W,ZNY
ZOB,0,5000,41083000N,078300000W,ZNY
ZOB,0,5000,40503000N,078300000W,ZNY
ZOB,0,5000,40393000N,078300000W,ZNY
ZOB,0,5000,40364100N,077580100W,ZNY
ZOB,0,5000,40311800N,077562900W,ZNY
ZOB,0,5000,40234400N,077542100W,ZNY
ZOB,0,5000,40144800N,077515100W,ZNY
ZOB,0,5000,40120000N,077514500W,ZNY
ZOB,0,5000,40092500N,077513000W,ZNY
ZOB,0,5000,39512000N,077502500W,ZDC
ZOB,0,5000,39510000N,077560000W,ZDC
ZOB,0,5000,39462000N,078120000W,ZDC
ZOB,0,5000,39422000N,078264000W,ZDC
ZOB,0,5000,39384800N,078290600W,ZDC
ZOB,0,5000,39353000N,078312000W,ZDC
ZOB,0,5000,39260000N,078374000W,ZDC
ZOB,0,5000,39200500N,078421000W,ZDC
ZOB,0,5000,39280000N,079140000W,ZDC
ZOB,0,5000,39180000N,079162000W,ZDC
ZOB,0,5000,39083000N,079223000W,ZDC
ZOB,0,5000,39030000N,079251500W,ZDC
ZOB,0,5000,38420000N,079380000W,ZDC
ZOB,0,5000,38420000N,080000000W,ZDC
ZOB,0,5000,38341000N,080364500W,ZID
ZOB,0,5000,38563000N,080593000W,ZID
ZOB,0,5000,39190000N,080464000W,ZID
ZOB,0,5000,39301500N,081061000W,ZID
ZOB,0,5000,39330000N,081113000W,ZID
ZOB,0,5000,39405600N,081253400W,ZID
ZOB,0,5000,39450000N,081330000W,ZID
ZOB,0,5000,39531500N,081342800W,ZID
ZOB,0,5000,40130000N,081380000W,ZID
ZAB,0,17000,34330000N,102193000W,ZFW
ZAB,0,17000,34232000N,102394500W,ZFW
ZAB,0,17000,34190000N,102480000W,ZFW
ZAB,0,17000,33463000N,103220000W,ZFW
ZAB,0,17000,33431000N,103243000W,ZFW
ZAB,0,17000,33381500N,103291500W,ZFW
ZAB,0,17000,33241000N,103413000W,ZFW
ZAB,0,17000,33230000N,103480000W,ZFW
ZAB,0,17000,33030000N,103480000W,ZFW
ZAB,0,17000,33000000N,103480000W,ZFW
ZAB,0,17000,32504500N,103502500W,ZFW
ZAB,0,17000,32280000N,103560000W,ZFW
ZAB,0,17000,32020000N,103480000W,ZFW
ZAB,0,17000,31483000N,103314500W,ZFW
ZAB,0,17000,31390000N,103200000W,ZFW
ZAB,0,17000,31350000N,103070000W,ZFW
ZAB,0,17000,31221500N,102260000W,ZFW
ZAB,0,17000,31170000N,102090000W,ZHU
ZAB,0,17000,29460000N,102333000W,MTY
ZAB,0,17000,29433000N,102403000W,MTY
ZAB,0,17000,29214000N,102502500W,MTY
ZAB,0,17000,29130000N,102520000W,MTY
ZAB,0,17000,28570000N,103090000W,MTY
ZAB,0,17000,28570000N,103180000W,MTY
ZAB,0,17000,28570000N,103190000W,MTY
ZAB,0,17000,29260000N,104310000W,MTY
ZAB,0,17000,30380000N,105000000W,MTY
ZAB,0,17000,31000000N,105480000W,MTY
ZAB,0,17000,31320000N,106270000W,MTY
ZAB,0,17000,31320000N,108120000W,MTY
ZAB,0,17000,31200000N,108120000W,MTY
ZAB,0,17000,31200000N,108300000W,MZT
ZAB,0,17000,31201500N,110000300W,MZT
ZAB,0,17000,31200000N,110450000W,MZT
ZAB,0,17000,31200000N,111050000W,MZT
ZAB,0,17000,31380000N,112000000W,MZT
ZAB,0,17000,32060000N,113303000W,ZLA
ZAB,0,17000,32065842N,113304597W,ZLA
ZAB,0,17000,32441500N,113410500W,ZLA
ZAB,0,17000,32580000N,113372000W,ZLA
ZAB,0,17000,33020000N,113372000W,ZLA
ZAB,0,17000,33020000N,113390400W,ZLA
ZAB,0,17000,33173000N,113390400W,ZLA
ZAB,0,17000,33240000N,114000000W,ZLA
ZAB,0,17000,33280000N,114000000W,ZLA
ZAB,0,17000,33363600N,114000000W,ZLA
ZAB,0,17000,33420000N,114000000W,ZLA
ZAB,0,17000,33480000N,114000000W,ZLA
ZAB,0,17000,33564000N,114000000W,ZLA
ZAB,0,17000,34010000N,114000000W,ZLA
ZAB,0,17000,34100000N,114000000W,ZLA
ZAB,0,17000,34230000N,114000300W,ZLA
ZAB,0,17000,34240000N,114000000W,ZLA
ZAB,0,17000,34295000N,114000000W,ZLA
ZAB,0,17000,34353000N,114000000W,ZLA
ZAB,0,17000,34370000N,114000000W,ZLA
ZAB,0,17000,34400000N,114000000W,ZLA
ZAB,0,17000,34520000N,113420000W,ZLA
ZAB,0,17000,34550000N,113370000W,ZLA
ZAB,0,17000,35152000N,112554000W,ZLA
ZAB,0,17000,35230000N,112400000W,ZLA
ZAB,0,17000,35234800N,112091100W,ZLA
ZAB,0,17000,35240000N,112000000W,ZLA
ZAB,0,17000,35460000N,111503000W,ZDV
ZAB,0,17000,35420000N,110140000W,ZDV
ZAB,0,17000,35510000N,109190000W,ZDV
ZAB,0,17000,36020000N,108130000W,ZDV
ZAB,0,17000,36120000N,107280000W,ZDV
ZAB,0,17000,36373700N,106210000W,ZDV
ZAB,0,17000,36430000N,106050000W,ZDV
ZAB,0,17000,36430000N,105203000W,ZDV
ZAB,0,17000,36430000N,105000000W,ZDV
ZAB,0,17000,37024300N,104000000W,ZDV
ZAB,0,17000,37094500N,103371000W,ZDV
ZAB,0,17000,37300000N,102330000W,ZKC
ZAB,0,17000,37023000N,102110000W,ZKC
ZAB,0,17000,36300000N,101450000W,ZKC
ZAB,0,17000,36235000N,101282000W,ZKC
ZAB,0,17000,35494500N,100000000W,ZFW
ZAB,0,17000,35200000N,100000000W,ZFW
ZAB,0,17000,35150000N,100034000W,ZFW
ZAB,0,17000,35074500N,100083000W,ZFW
ZAB,0,17000,34520000N,100190000W,ZFW
ZAB,0,17000,34280000N,100450000W,ZFW
ZAB,0,17000,34293000N,101000000W,ZFW
ZAB,0,17000,34360000N,102000000W,ZFW
ZBW,0,1800,44363000N,075380000W,ZUL
ZBW,0,1800,44412800N,075361900W,ZUL
ZBW,0,1800,44502700N,075391800W,ZUL
ZBW,0,1800,44564300N,075021200W,ZUL
ZBW,0,1800,44585000N,074570000W,ZUL
ZBW,0,1800,45040000N,074580000W,ZUL
ZBW,0,1800,45070000N,074510000W,ZUL
ZBW,0,1800,45070000N,074360000W,ZUL
ZBW,0,1800,45063100N,074334700W,ZUL
ZBW,0,1800,45053100N,074343800W,ZUL
ZBW,0,1800,45050000N,074334400W,ZUL
ZBW,0,1800,45061000N,074323200W,ZUL
ZBW,0,1800,45010000N,074123900W,ZUL
ZBW,0,1800,44593000N,074121000W,ZUL
ZBW,0,1800,44583500N,074114000W,ZUL
ZBW,0,1800,44593000N,074071800W,ZUL
ZBW,0,1800,44595200N,073583200W,ZUL
ZBW,0,1800,44595700N,073425500W,ZUL
ZBW,0,1800,44595900N,073243000W,ZUL
ZBW,0,1800,45000000N,073150000W,ZUL
ZBW,0,1800,44593900N,072251900W,ZUL
ZBW,0,1800,45010000N,071290000W,ZUL
ZBW,0,1800,45040000N,071270000W,ZUL
ZBW,0,1800,45170000N,071195800W,ZUL
ZBW,0,1800,45190000N,071000000W,ZUL
ZBW,0,1800,45411000N,070301000W,ZUL
ZBW,0,1800,45543000N,070150000W,ZUL
ZBW,0,1800,46183000N,070123000W,ZUL
ZBW,0,1800,46250500N,070033100W,ZUL
ZBW,0,1800,46322000N,070021800W,ZUL
ZBW,0,1800,46413000N,069595800W,ZUL
ZBW,0,1800,47270000N,069130000W,ZUL
ZBW,0,1800,47233500N,069000000W,ZUL
ZBW,0,1800,47171500N,068340000W,ZUL
ZBW,0,1800,47243000N,068233800W,ZUL
ZBW,0,1800,47273000N,068161800W,ZUL
ZBW,0,1800,47292000N,068115800W,ZUL
ZBW,0,1800,47310000N,068035800W,ZUL
ZBW,0,1800,47313000N,068000000W,ZUL
ZBW,0,1800,47320000N,067445800W,ZQM
ZBW,0,1800,47282000N,067313800W,ZQM
ZBW,0,1800,47231000N,067195800W,ZQM
ZBW,0,1800,47161000N,067102800W,ZQM
ZBW,0,1800,47080000N,067045800W,ZQM
ZBW,0,1800,46585000N,067022800W,ZQM
ZBW,0,1800,46494000N,067032800W,ZQM
ZBW,0,1800,46413000N,067075800W,ZQM
ZBW,0,1800,46341000N,067151800W,ZQM
ZBW,0,1800,46321000N,067175800W,ZQM
ZBW,0,1800,46120000N,067125800W,ZQM
ZBW,0,1800,46083500N,067125800W,ZQM
ZBW,0,1800,45493000N,067345800W,ZQM
ZBW,0,1800,45470000N,067482300W,ZQM
ZBW,0,1800,45373000N,067452800W,ZQM
ZBW,0,1800,45150000N,067195800W,ZQM
ZBW,0,1800,44560000N,067000000W,ZQM
ZBW,0,1800,44300000N,067000000W,ZQM
ZBW,0,1800,44203000N,067000000W,ZQM
ZBW,0,1800,43480000N,067000000W,ZQM
ZBW,0,1800,42323000N,067000000W,ZQM
ZBW,0,1800,41520000N,067000000W,ZQM
ZBW,0,1800,41370000N,067000000W,ZNY
ZBW,0,1800,41000000N,069000000W,ZNY
ZBW,0,1800,40553000N,069203000W,ZNY
ZBW,0,1800,40504700N,069410300W,ZNY
ZBW,0,1800,40343600N,070524600W,ZNY
ZBW,0,1800,40265200N,071184000W,ZDC
ZBW,0,1800,40262900N,071200700W,ZNY
ZBW,0,1800,40232300N,071300000W,ZNY
ZBW,0,1800,40042000N,072300000W,ZNY
ZBW,0,1800,40115500N,072465500W,ZNY
ZBW,0,1800,40173000N,072592000W,ZNY
ZBW,0,1800,40400000N,072300000W,ZNY
ZBW,0,1800,40413000N,072103000W,ZNY
ZBW,0,1800,40420000N,072070000W,ZNY
ZBW,0,1800,40440000N,072000000W,ZNY
ZBW,0,1800,40455300N,071511000W,ZNY
ZBW,0,1800,40563400N,071512400W,ZNY
ZBW,0,1800,41035400N,072102700W,ZNY
ZBW,0,1800,41073000N,072150000W,ZNY
ZBW,0,1800,41101000N,072171500W,ZNY
ZBW,0,1800,41214500N,072230000W,ZNY
ZBW,0,1800,41290000N,072280000W,ZNY
ZBW,0,1800,41253000N,072405000W,ZNY
ZBW,0,1800,41251300N,072432300W,ZNY
ZBW,0,1800,41250000N,072554500W,ZNY
ZBW,0,1800,41260000N,073000000W,ZNY
ZBW,0,1800,41354000N,073000000W,ZNY
ZBW,0,1800,41351500N,073125000W,ZNY
ZBW,0,1800,41351700N,073163100W,ZNY
ZBW,0,1800,41351500N,073180000W,ZNY
ZBW,0,1800,42031000N,073224000W,ZNY
ZBW,0,1800,41583000N,073280000W,ZNY
ZBW,0,1800,41591800N,074024400W,ZNY
ZBW,0,1800,42000000N,074023500W,ZNY
ZBW,0,1800,42083000N,074000000W,ZNY
ZBW,0,1800,42103000N,074180000W,ZNY
ZBW,0,1800,42065000N,074545000W,ZNY
ZBW,0,1800,42071500N,075150000W,ZNY
ZBW,0,1800,42142500N,075195500W,ZNY
ZBW,0,1800,42142500N,075331500W,ZNY
ZBW,0,1800,42300000N,075440000W,ZNY
ZBW,0,1800,42315000N,076003300W,ZNY
ZBW,0,1800,42330000N,076111000W,ZNY
ZBW,0,1800,42460700N,076412100W,ZOB
ZBW,0,1800,42505000N,076523000W,ZOB
ZBW,0,1800,43201500N,076540000W,ZOB
ZBW,0,1800,43211600N,076464200W,ZOB
ZBW,0,1800,43240000N,076465000W,ZOB
ZBW,0,1800,43375200N,076474800W,ZUL
ZBW,0,1800,44060000N,076252900W,ZUL
ZBW,0,1800,44082000N,076202900W,ZUL
ZBW,0,1800,44113000N,076185900W,ZUL
ZBW,0,1800,44132000N,076110000W,ZUL
ZBW,0,1800,44151400N,076081900W,ZUL
ZBW,0,1800,44211400N,076002400W,ZUL
ZBW,0,1800,44320200N,075442800W,ZUL
ZDC,0,4000,38341000N,080364500W,ZOB
ZDC,0,4000,38420000N,080000000W,ZOB
ZDC,0,4000,38420000N,079380000W,ZOB
ZDC,0,4000,39030000N,079251500W,ZOB
ZDC,0,4000,39083000N,079223000W,ZOB
ZDC,0,4000,39180000N,079162000W,ZOB
ZDC,0,4000,39280000N,079140000W,ZOB
ZDC,0,4000,39200500N,078421000W,ZOB
ZDC,0,4000,39260000N,078374000W,ZOB
ZDC,0,4000,39353000N,078312000W,ZOB
ZDC,0,4000,39384800N,078290600W,ZOB
ZDC,0,4000,39422000N,078264000W,ZOB
ZDC,0,4000,39462000N,078120000W,ZOB
ZDC,0,4000,39510000N,077560000W,ZOB
ZDC,0,4000,39512000N,077502500W,ZNY
ZDC,0,4000,39514182N,077423789W,ZNY
ZDC,0,4000,39520206N,077343932W,ZNY
ZDC,0,4000,39521300N,077303600W,ZNY
ZDC,0,4000,39521700N,077263200W,ZNY
ZDC,0,4000,39523000N,077211800W,ZNY
ZDC,0,4000,39524800N,077093000W,ZNY
ZDC,0,4000,39525700N,077021700W,ZNY
ZDC,0,4000,39530100N,076583200W,ZNY
ZDC,0,4000,39523600N,076581100W,ZNY
ZDC,0,4000,39511100N,076564000W,ZNY
ZDC,0,4000,39501700N,076543500W,ZNY
ZDC,0,4000,39500300N,076520900W,ZNY
ZDC,0,4000,39502600N,076495300W,ZNY
ZDC,0,4000,39512900N,076475300W,ZNY
ZDC,0,4000,39530300N,076463000W,ZNY
ZDC,0,4000,39530500N,076320000W,ZNY
ZDC,0,4000,39513200N,076240700W,ZNY
ZDC,0,4000,39491300N,076124100W,ZNY
ZDC,0,4000,39412100N,075534100W,ZNY
ZDC,0,4000,39334800N,075582000W,ZNY
ZDC,0,4000,39332800N,076004800W,ZNY
ZDC,0,4000,39200600N,075521200W,ZNY
ZDC,0,4000,39160000N,075501000W,ZNY
ZDC,0,4000,39190500N,075363000W,ZNY
ZDC,0,4000,39202500N,075363000W,ZNY
ZDC,0,4000,39221800N,075273000W,ZNY
ZDC,0,4000,39230000N,075234500W,ZNY
ZDC,0,4000,39255500N,075184200W,ZNY
ZDC,0,4000,39283000N,075150000W,ZNY
ZDC,0,4000,39285100N,075142100W,ZNY
ZDC,0,4000,39294100N,075123900W,ZNY
ZDC,0,4000,39310000N,075100000W,ZNY
ZDC,0,4000,39325000N,075054500W,ZNY
ZDC,0,4000,39391800N,074582800W,ZNY
ZDC,0,4000,39423500N,074544000W,ZNY
ZDC,0,4000,39425900N,074492100W,ZNY
ZDC,0,4000,39431300N,074463400W,ZNY
ZDC,0,4000,39433000N,074433000W,ZNY
ZDC,0,4000,39392000N,074300000W,ZNY
ZDC,0,4000,39430000N,074262500W,ZNY
ZDC,0,4000,39445000N,074244000W,ZNY
ZDC,0,4000,39445700N,074234000W,ZNY
ZDC,0,4000,39445000N,074192000W,ZNY
ZDC,0,4000,39432500N,074173500W,ZNY
ZDC,0,4000,39430000N,074102000W,ZNY
ZDC,0,4000,39395100N,074033900W,ZNY
ZDC,0,4000,39343000N,073560000W,ZNY
ZDC,0,4000,39254200N,074023400W,ZNY
ZDC,0,4000,39231000N,073595600W,ZNY
ZDC,0,4000,39185200N,073553500W,ZNY
ZDC,0,4000,39245500N,073454700W,ZNY
ZDC,0,4000,39440000N,073275100W,ZNY
ZDC,0,4000,39440000N,073170000W,ZNY
ZDC,0,4000,39440000N,073090000W,ZNY
ZDC,0,4000,39440000N,072530100W,ZNY
ZDC,0,4000,39201400N,072300000W,ZNY
ZDC,0,4000,39054800N,072161200W,ZNY
ZDC,0,4000,38460000N,072300000W,ZNY
ZDC,0,4000,38200000N,072480000W,ZNY
ZDC,0,4000,38170000N,072500200W,ZNY
ZDC,0,4000,38441500N,073514000W,ZNY
ZDC,0,4000,38323000N,073590000W,ZNY
ZDC,0,4000,37045400N,074355900W,ZNY
ZDC,0,4000,37053691N,074272201W,ZNY
ZDC,0,4000,37133900N,072400000W,ZNY
ZDC,0,4000,36420900N,072395800W,ZWY
ZDC,0,4000,36470181N,074292976W,ZWY
ZDC,0,4000,36471600N,074355900W,ZWY
ZDC,0,4000,35294900N,074561300W,ZWY
ZDC,0,4000,34291700N,073342300W,ZWY
ZDC,0,4000,34214600N,073450600W,ZWY
ZDC,0,4000,34140000N,073570000W,ZWY
ZDC,0,4000,35182900N,075112400W,ZWY
ZDC,0,4000,34360100N,075410200W,ZWY
ZDC,0,4000,33250900N,076285200W,ZWY
ZDC,0,4000,32580400N,076464600W,ZJX
ZDC,0,4000,33171900N,077115400W,ZJX
ZDC,0,4000,33313200N,077304200W,ZJX
ZDC,0,4000,33422000N,077450300W,ZJX
ZDC,0,4000,33503000N,077555800W,ZJX
ZDC,0,4000,33503000N,078055900W,ZJX
ZDC,0,4000,33503100N,078085900W,ZJX
ZDC,0,4000,33503100N,078234400W,ZJX
ZDC,0,4000,34092600N,078213000W,ZJX
ZDC,0,4000,34234900N,078410600W,ZJX
ZDC,0,4000,34264000N,078450000W,ZJX
ZDC,0,4000,34260300N,079040000W,ZJX
ZDC,0,4000,34253900N,079154800W,ZJX
ZDC,0,4000,34253000N,079200000W,ZJX
ZDC,0,4000,34424800N,079434100W,ZJX
ZDC,0,4000,34510000N,079550000W,ZJX
ZDC,0,4000,34512000N,080085000W,ZTL
ZDC,0,4000,35063000N,080000000W,ZTL
ZDC,0,4000,35180000N,080000000W,ZTL
ZDC,0,4000,35230000N,079481500W,ZTL
ZDC,0,4000,35253400N,079344400W,ZTL
ZDC,0,4000,35421500N,079293000W,ZTL
ZDC,0,4000,36143000N,079192200W,ZTL
ZDC,0,4000,36172700N,079281900W,ZTL
ZDC,0,4000,36223900N,079335500W,ZTL
ZDC,0,4000,36414900N,079551500W,ZTL
ZDC,0,4000,36473400N,080041500W,ZTL
ZDC,0,4000,36410500N,080153400W,ZTL
ZDC,0,4000,36483000N,080192500W,ZTL
ZDC,0,4000,36365000N,080393000W,ZTL
ZDC,0,4000,36430000N,080593000W,ZTL
ZDC,0,4000,36571500N,081054500W,ZTL
ZDC,0,4000,37124000N,081094500W,ZID
ZDC,0,4000,37161500N,080540000W,ZID
ZDC,0,4000,37260000N,080492000W,ZID
ZDC,0,4000,37280000N,080503000W,ZID
ZDC,0,4000,37314500N,080493000W,ZID
ZDC,0,4000,37423000N,080472200W,ZID
ZDC,0,4000,38023000N,080430000W,ZID
ZDC,0,4000,38225700N,080384100W,ZID
ZFW,0,3000,32113000N,092514500W,ZHU
ZFW,0,3000,31480000N,093474500W,ZHU
ZFW,0,3000,31341200N,093503600W,ZHU
ZFW,0,3000,31342000N,094120000W,ZHU
ZFW,0,3000,31334000N,094325000W,ZHU
ZFW,0,3000,31324500N,094363000W,ZHU
ZFW,0,3000,31483000N,094363000W,ZHU
ZFW,0,3000,31483000N,094523000W,ZHU
ZFW,0,3000,31320000N,094523000W,ZHU
ZFW,0,3000,31300000N,095173000W,ZHU
ZFW,0,3000,31291500N,095374500W,ZHU
ZFW,0,3000,31280000N,095590000W,ZHU
ZFW,0,3000,31213000N,096160000W,ZHU
ZFW,0,3000,31160000N,096304500W,ZHU
ZFW,0,3000,31121500N,096410000W,ZHU
ZFW,0,3000,31121500N,097000000W,ZHU
ZFW,0,3000,30523000N,097023000W,ZHU
ZFW,0,3000,30480000N,097060000W,ZHU
ZFW,0,3000,30480000N,097381200W,ZHU
ZFW,0,3000,30480000N,097402100W,ZHU
ZFW,0,3000,30480000N,098050000W,ZHU
ZFW,0,3000,31231500N,098333000W,ZHU
ZFW,0,3000,31230000N,099280000W,ZHU
ZFW,0,3000,31150000N,099500000W,ZHU
ZFW,0,3000,31100000N,099510000W,ZHU
ZFW,0,3000,31020000N,099550000W,ZHU
ZFW,0,3000,30590000N,099570000W,ZHU
ZFW,0,3000,30510000N,100080000W,ZHU
ZFW,0,3000,30463000N,100210000W,ZHU
ZFW,0,3000,30460000N,100360000W,ZHU
ZFW,0,3000,30500000N,100500000W,ZHU
ZFW,0,3000,30590000N,101010000W,ZHU
ZFW,0,3000,31051500N,101050000W,ZHU
ZFW,0,3000,31170000N,102090000W,ZAB
ZFW,0,3000,31221500N,102260000W,ZAB
ZFW,0,3000,31350000N,103070000W,ZAB
ZFW,0,3000,31390000N,103200000W,ZAB
ZFW,0,3000,31483000N,103314500W,ZAB
ZFW,0,3000,32020000N,103480000W,ZAB
ZFW,0,3000,32280000N,103560000W,ZAB
ZFW,0,3000,32504500N,103502500W,ZAB
ZFW,0,3000,33000000N,103480000W,ZAB
ZFW,0,3000,33030000N,103480000W,ZAB
ZFW,0,3000,33230000N,103480000W,ZAB
ZFW,0,3000,33241000N,103413000W,ZAB
ZFW,0,3000,33381500N,103291500W,ZAB
ZFW,0,3000,33431000N,103243000W,ZAB
ZFW,0,3000,33463000N,103220000W,ZAB
ZFW,0,3000,34190000N,102480000W,ZAB
ZFW,0,3000,34232000N,102394500W,ZAB
ZFW,0,3000,34330000N,102193000W,ZAB
ZFW,0,3000,34360000N,102000000W,ZAB
ZFW,0,3000,34293000N,101000000W,ZAB
ZFW,0,3000,34280000N,100450000W,ZAB
ZFW,0,3000,34520000N,100190000W,ZAB
ZFW,0,3000,35074500N,100083000W,ZAB
ZFW,0,3000,35150000N,100034000W,ZAB
ZFW,0,3000,35200000N,100000000W,ZAB
ZFW,0,3000,35494500N,100000000W,ZKC
ZFW,0,3000,35500000N,099230100W,ZKC
ZFW,0,3000,35490000N,099134000W,ZKC
ZFW,0,3000,35490000N,098480000W,ZKC
ZFW,0,3000,35490000N,098300000W,ZKC
ZFW,0,3000,35490000N,098280000W,ZKC
ZFW,0,3000,35514500N,098085400W,ZKC
ZFW,0,3000,35530000N,098010000W,ZKC
ZFW,0,3000,35553000N,097530000W,ZKC
ZFW,0,3000,35582800N,097445000W,ZKC
ZFW,0,3000,36020000N,097350100W,ZKC
ZFW,0,3000,35504200N,097155000W,ZKC
ZFW,0,3000,35441500N,096544500W,ZKC
ZFW,0,3000,35372000N,096502200W,ZKC
ZFW,0,3000,35314000N,096502100W,ZKC
ZFW,0,3000,35390000N,096241500W,ZKC
ZFW,0,3000,35450000N,096140000W,ZKC
ZFW,0,3000,35374000N,096074500W,ZKC
ZFW,0,3000,35303000N,096084500W,ZKC
ZFW,0,3000,35283000N,095490000W,ZKC
ZFW,0,3000,35351500N,095474500W,ZKC
ZFW,0,3000,35350000N,095431500W,ZKC
ZFW,0,3000,35521500N,095220000W,ZME
ZFW,0,3000,35391500N,095000000W,ZME
ZFW,0,3000,35230000N,095000000W,ZME
ZFW,0,3000,35040000N,095000000W,ZME
ZFW,0,3000,34560000N,094553000W,ZME
ZFW,0,3000,34452000N,094490000W,ZME
ZFW,0,3000,34413000N,094470000W,ZME
ZFW,0,3000,34320000N,094320000W,ZME
ZFW,0,3000,34160000N,094000000W,ZME
ZFW,0,3000,34052000N,093393000W,ZME
ZFW,0,3000,34020000N,093323000W,ZME
ZFW,0,3000,33570000N,093093000W,ZME
ZFW,0,3000,33493000N,092593000W,ZME
ZFW,0,3000,33460000N,092550000W,ZME
ZFW,0,3000,33540000N,092420000W,ZME
ZFW,0,3000,33520000N,092310000W,ZME
ZFW,0,3000,33290000N,092320000W,ZME
ZFW,0,3000,33001500N,091540000W,ZME
ZFW,0,3000,32520000N,091363000W,ZME
ZFW,0,3000,32451000N,091310000W,ZME
ZFW,0,3000,32390000N,091260000W,ZME
ZFW,0,3000,32224500N,091260000W,ZME
ZFW,0,3000,32090000N,091330000W,ZHU
ZFW,0,3000,31590000N,091550000W,ZHU
ZFW,0,3000,31570000N,092150000W,ZHU
ZFW,0,3000,32063000N,092312000W,ZHU
ZHU,0,4000,31030000N,087352000W,ZJX
ZHU,0,4000,30573000N,087393000W,ZJX
ZHU,0,4000,30504500N,087410000W,ZJX
ZHU,0,4000,30473000N,087413000W,ZJX
ZHU,0,4000,30413000N,087430000W,ZJX
ZHU,0,4000,30145800N,087475200W,ZJX
ZHU,0,4000,30105000N,087484000W,ZJX
ZHU,0,4000,30105000N,087512000W,ZJX
ZHU,0,4000,30110000N,087555000W,ZJX
ZHU,0,4000,30105500N,087582000W,ZJX
ZHU,0,4000,30104000N,087595500W,ZJX
ZHU,0,4000,30091600N,088013000W,ZJX
ZHU,0,4000,30050500N,088013000W,ZJX
ZHU,0,4000,29580000N,088013000W,ZJX
ZHU,0,4000,29360000N,088010000W,ZJX
ZHU,0,4000,29343000N,088005000W,ZJX
ZHU,0,4000,29000000N,088004000W,ZJX
ZHU,0,4000,28083000N,088000000W,ZJX
ZHU,0,4000,27500000N,087505221W,ZJX
ZHU,0,4000,27300000N,087410000W,ZJX
ZHU,0,4000,27142900N,086490200W,ZJX
ZHU,0,4000,27000000N,086000000W,ZMA
ZHU,0,4000,26361000N,085245000W,ZMA
ZHU,0,4000,26120000N,085053000W,ZMA
ZHU,0,4000,25020100N,084595900W,ZMA
ZHU,0,4000,24000000N,084595900W,HAV
ZHU,0,4000,24000000N,086000000W,MID
ZHU,0,4000,24300000N,088000000W,MID
ZHU,0,4000,24300000N,089140000W,MID
ZHU,0,4000,24300000N,090500000W,MID
ZHU,0,4000,24300000N,092003000W,MID
ZHU,0,4000,24300000N,092300000W,MID
ZHU,0,4000,24300000N,093003000W,MTY
ZHU,0,4000,25230000N,094420000W,MTY
ZHU,0,4000,26000000N,095550000W,MTY
ZHU,0,4000,25595700N,095585800W,MTY
ZHU,0,4000,25450000N,096065000W,MTY
ZHU,0,4000,25490000N,097213000W,MTY
ZHU,0,4000,26000000N,097450000W,MTY
ZHU,0,4000,26033000N,097573000W,MTY
ZHU,0,4000,26040000N,098130000W,MTY
ZHU,0,4000,26110000N,098253000W,MTY
ZHU,0,4000,26142000N,098351500W,MTY
ZHU,0,4000,26150000N,098413000W,MTY
ZHU,0,4000,26240000N,099040000W,MTY
ZHU,0,4000,26280000N,099080000W,MTY
ZHU,0,4000,26320000N,099110000W,MTY
ZHU,0,4000,26390000N,099113000W,MTY
ZHU,0,4000,27040000N,099270000W,MTY
ZHU,0,4000,27134000N,099284000W,MTY
ZHU,0,4000,27293000N,099313000W,MTY
ZHU,0,4000,27341500N,099364000W,MTY
ZHU,0,4000,27350000N,099373300W,MTY
ZHU,0,4000,27425000N,099460300W,MTY
ZHU,0,4000,27463000N,099500000W,MTY
ZHU,0,4000,27590000N,099570000W,MTY
ZHU,0,4000,28110000N,100113000W,MTY
ZHU,0,4000,28260000N,100200000W,MTY
ZHU,0,4000,29000000N,100385400W,MTY
ZHU,0,4000,29100000N,100480000W,MTY
ZHU,0,4000,29453000N,101310000W,MTY
ZHU,0,4000,29461500N,101370000W,MTY
ZHU,0,4000,29464400N,101472500W,MTY
ZHU,0,4000,29472600N,102004000W,MTY
ZHU,0,4000,29483000N,102090000W,MTY
ZHU,0,4000,29523000N,102190000W,MTY
ZHU,0,4000,29460000N,102240000W,MTY
ZHU,0,4000,29463000N,102260000W,MTY
ZHU,0,4000,29462500N,102270900W,MTY
ZHU,0,4000,29460000N,102333000W,ZAB
ZHU,0,4000,31170000N,102090000W,ZFW
ZHU,0,4000,31051500N,101050000W,ZFW
ZHU,0,4000,30590000N,101010000W,ZFW
ZHU,0,4000,30500000N,100500000W,ZFW
ZHU,0,4000,30460000N,100360000W,ZFW
ZHU,0,4000,30463000N,100210000W,ZFW
ZHU,0,4000,30510000N,100080000W,ZFW
ZHU,0,4000,30590000N,099570000W,ZFW
ZHU,0,4000,31020000N,099550000W,ZFW
ZHU,0,4000,31100000N,099510000W,ZFW
ZHU,0,4000,31150000N,099500000W,ZFW
ZHU,0,4000,31230000N,099280000W,ZFW
ZHU,0,4000,31231500N,098333000W,ZFW
ZHU,0,4000,30480000N,098050000W,ZFW
ZHU,0,4000,30480000N,097402100W,ZFW
ZHU,0,4000,30480000N,097381200W,ZFW
ZHU,0,4000,30480000N,097060000W,ZFW
ZHU,0,4000,30523000N,097023000W,ZFW
ZHU,0,4000,31121500N,097000000W,ZFW
ZHU,0,4000,31121500N,096410000W,ZFW
ZHU,0,4000,31160000N,096304500W,ZFW
ZHU,0,4000,31213000N,096160000W,ZFW
ZHU,0,4000,31280000N,095590000W,ZFW
ZHU,0,4000,31291500N,095374500W,ZFW
ZHU,0,4000,31300000N,095173000W,ZFW
ZHU,0,4000,31320000N,094523000W,ZFW
ZHU,0,4000,31483000N,094523000W,ZFW
ZHU,0,4000,31483000N,094363000W,ZFW
ZHU,0,4000,31324500N,094363000W,ZFW
ZHU,0,4000,31334000N,094325000W,ZFW
ZHU,0,4000,31342000N,094120000W,ZFW
ZHU,0,4000,31341200N,093503600W,ZFW
ZHU,0,4000,31480000N,093474500W,ZFW
ZHU,0,4000,32113000N,092514500W,ZFW
ZHU,0,4000,32063000N,092312000W,ZFW
ZHU,0,4000,31570000N,092150000W,ZFW
ZHU,0,4000,31590000N,091550000W,ZFW
ZHU,0,4000,32090000N,091330000W,ZME
ZHU,0,4000,31544500N,091183000W,ZME
ZHU,0,4000,31480000N,090543000W,ZME
ZHU,0,4000,31460000N,090480000W,ZME
ZHU,0,4000,31434500N,090393000W,ZME
ZHU,0,4000,31390000N,090204500W,ZME
ZHU,0,4000,31381000N,090020000W,ZME
ZHU,0,4000,31380000N,089560000W,ZME
ZHU,0,4000,31375000N,089510000W,ZME
ZHU,0,4000,31570000N,089250000W,ZME
ZHU,0,4000,31570000N,089100000W,ZME
ZHU,0,4000,31325000N,088540000W,ZME
ZHU,0,4000,31310000N,088193000W,ZTL
ZHU,0,4000,31311500N,087490000W,ZTL
ZHU,0,4000,31213000N,087330000W,ZTL
ZHU,0,4000,31165000N,087240000W,ZJX
ZID,0,5000,37172000N,086550000W,ZME
ZID,0,5000,37163000N,087235000W,ZME
ZID,0,5000,37140000N,087343000W,ZME
ZID,0,5000,37243900N,087500400W,ZME
ZID,0,5000,37433000N,088190000W,ZKC
ZID,0,5000,37574600N,088161200W,ZKC
ZID,0,5000,38090000N,088140000W,ZKC
ZID,0,5000,38290700N,088054000W,ZKC
ZID,0,5000,38390500N,088060300W,ZKC
ZID,0,5000,38421300N,088061000W,ZKC
ZID,0,5000,38482900N,088062400W,ZKC
ZID,0,5000,38535700N,088063700W,ZKC
ZID,0,5000,39231000N,088074500W,ZAU
ZID,0,5000,39250000N,087580000W,ZAU
ZID,0,5000,39430000N,087503000W,ZAU
ZID,0,5000,40180000N,087150000W,ZAU
ZID,0,5000,40041500N,086550000W,ZAU
ZID,0,5000,40095000N,086520000W,ZAU
ZID,0,5000,40133000N,086210000W,ZAU
ZID,0,5000,40123000N,086050000W,ZAU
ZID,0,5000,40071000N,085572000W,ZAU
ZID,0,5000,40161500N,085475100W,ZAU
ZID,0,5000,40301000N,085334100W,ZAU
ZID,0,5000,40333000N,085301500W,ZAU
ZID,0,5000,40310000N,085283000W,ZAU
ZID,0,5000,40260000N,085190000W,ZAU
ZID,0,5000,40180000N,085053000W,ZAU
ZID,0,5000,40243000N,084493000W,ZAU
ZID,0,5000,40360000N,084231500W,ZAU
ZID,0,5000,40514700N,084205000W,ZOB
ZID,0,5000,40470000N,083444500W,ZOB
ZID,0,5000,40441500N,083390000W,ZOB
ZID,0,5000,40333000N,083300000W,ZOB
ZID,0,5000,40303000N,083200000W,ZOB
ZID,0,5000,40311400N,083094400W,ZOB
ZID,0,5000,40314000N,083034300W,ZOB
ZID,0,5000,40330000N,082443000W,ZOB
ZID,0,5000,40331500N,082353000W,ZOB
ZID,0,5000,40342500N,082204000W,ZOB
ZID,0,5000,40351500N,082100000W,ZOB
ZID,0,5000,40353600N,082023000W,ZOB
ZID,0,5000,40360000N,081533000W,ZOB
ZID,0,5000,40360000N,081470000W,ZOB
ZID,0,5000,40313800N,081451600W,ZOB
ZID,0,5000,40231400N,081415900W,ZOB
ZID,0,5000,40130000N,081380000W,ZOB
ZID,0,5000,39531500N,081342800W,ZOB
ZID,0,5000,39450000N,081330000W,ZOB
ZID,0,5000,39405600N,081253400W,ZOB
ZID,0,5000,39330000N,081113000W,ZOB
ZID,0,5000,39301500N,081061000W,ZOB
ZID,0,5000,39190000N,080464000W,ZOB
ZID,0,5000,38563000N,080593000W,ZOB
ZID,0,5000,38341000N,080364500W,ZDC
ZID,0,5000,38225700N,080384100W,ZDC
ZID,0,5000,38023000N,080430000W,ZDC
ZID,0,5000,37423000N,080472200W,ZDC
ZID,0,5000,37314500N,080493000W,ZDC
ZID,0,5000,37280000N,080503000W,ZDC
ZID,0,5000,37260000N,080492000W,ZDC
ZID,0,5000,37161500N,080540000W,ZDC
ZID,0,5000,37124000N,081094500W,ZTL
ZID,0,5000,37020000N,081560000W,ZTL
ZID,0,5000,36573500N,082152000W,ZTL
ZID,0,5000,36503500N,082453000W,ZTL
ZID,0,5000,36474000N,082583000W,ZTL
ZID,0,5000,36455300N,083064300W,ZTL
ZID,0,5000,36454000N,083074500W,ZTL
ZID,0,5000,36402000N,083110000W,ZTL
ZID,0,5000,36424000N,083191000W,ZTL
ZID,0,5000,36390000N,083333000W,ZTL
ZID,0,5000,36304500N,084064000W,ZTL
ZID,0,5000,36234500N,084350000W,ZTL
ZID,0,5000,36110000N,085240000W,ZME
ZID,0,5000,36540000N,085350000W,ZME
ZID,0,5000,37100000N,085574900W,ZME
ZID,0,5000,37114000N,086000000W,ZME
ZID,0,5000,37180000N,086090000W,ZME
ZID,0,5000,37180000N,086290000W,ZME
ZJX,0,3000,34260300N,079040000W,ZDC
ZJX,0,3000,34264000N,078450000W,ZDC
ZJX,0,3000,34234900N,078410600W,ZDC
ZJX,0,3000,34092600N,078213000W,ZDC
ZJX,0,3000,33503100N,078234400W,ZDC
ZJX,0,3000,33503100N,078085900W,ZDC
ZJX,0,3000,33503000N,078055900W,ZDC
ZJX,0,3000,33503000N,077555800W,ZDC
ZJX,0,3000,33422000N,077450300W,ZDC
ZJX,0,3000,33313200N,077304200W,ZDC
ZJX,0,3000,33171900N,077115400W,ZDC
ZJX,0,3000,32580400N,076464600W,ZWY
ZJX,0,3000,32154400N,077000000W,ZWY
ZJX,0,3000,32000000N,077000000W,ZWY
ZJX,0,3000,31400000N,077000000W,ZWY
ZJX,0,3000,31350000N,077000000W,ZWY
ZJX,0,3000,31212000N,077000000W,ZWY
ZJX,0,3000,30000000N,077000000W,ZMA
ZJX,0,3000,30000000N,077020000W,ZMA
ZJX,0,3000,30000000N,077130000W,ZMA
ZJX,0,3000,30014600N,077300000W,ZMA
ZJX,0,3000,30035600N,077512400W,ZMA
ZJX,0,3000,30042000N,077552800W,ZMA
ZJX,0,3000,30080500N,078341300W,ZMA
ZJX,0,3000,30083900N,078400900W,ZMA
ZJX,0,3000,30120100N,079171200W,ZMA
ZJX,0,3000,29492000N,079540300W,ZMA
ZJX,0,3000,29013000N,080065600W,ZMA
ZJX,0,3000,29002800N,080120600W,ZMA
ZJX,0,3000,28500000N,080100000W,ZMA
ZJX,0,3000,28010000N,080100000W,ZMA
ZJX,0,3000,27550000N,080230000W,ZMA
ZJX,0,3000,27553800N,080424800W,ZMA
ZJX,0,3000,27560000N,080553000W,ZMA
ZJX,0,3000,28000000N,081023000W,ZMA
ZJX,0,3000,28000000N,081140000W,ZMA
ZJX,0,3000,28000000N,081223000W,ZMA
ZJX,0,3000,27570000N,081400000W,ZMA
ZJX,0,3000,28060000N,081400000W,ZMA
ZJX,0,3000,28094500N,081544300W,ZMA
ZJX,0,3000,28223000N,081580800W,ZMA
ZJX,0,3000,28274200N,081574700W,ZMA
ZJX,0,3000,28335000N,081572500W,ZMA
ZJX,0,3000,28380000N,082023000W,ZMA
ZJX,0,3000,28411300N,082215500W,ZMA
ZJX,0,3000,28443000N,082430000W,ZMA
ZJX,0,3000,28093000N,083123000W,ZMA
ZJX,0,3000,28240000N,083310000W,ZMA
ZJX,0,3000,28325300N,084003600W,ZMA
ZJX,0,3000,28100000N,084300000W,ZMA
ZJX,0,3000,28034500N,084365800W,ZMA
ZJX,0,3000,28023500N,084564000W,ZMA
ZJX,0,3000,27300000N,085150000W,ZMA
ZJX,0,3000,27000000N,086000000W,ZHU
ZJX,0,3000,27142900N,086490200W,ZHU
ZJX,0,3000,27300000N,087410000W,ZHU
ZJX,0,3000,27500000N,087505221W,ZHU
ZJX,0,3000,28083000N,088000000W,ZHU
ZJX,0,3000,29000000N,088004000W,ZHU
ZJX,0,3000,29343000N,088005000W,ZHU
ZJX,0,3000,29360000N,088010000W,ZHU
ZJX,0,3000,29580000N,088013000W,ZHU
ZJX,0,3000,30050500N,088013000W,ZHU
ZJX,0,3000,30091600N,088013000W,ZHU
ZJX,0,3000,30104000N,087595500W,ZHU
ZJX,0,3000,30105500N,087582000W,ZHU
ZJX,0,3000,30110000N,087555000W,ZHU
ZJX,0,3000,30105000N,087512000W,ZHU
ZJX,0,3000,30105000N,087484000W,ZHU
ZJX,0,3000,30145800N,087475200W,ZHU
ZJX,0,3000,30413000N,087430000W,ZHU
ZJX,0,3000,30473000N,087413000W,ZHU
ZJX,0,3000,30504500N,087410000W,ZHU
ZJX,0,3000,30573000N,087393000W,ZHU
ZJX,0,3000,31030000N,087352000W,ZHU
ZJX,0,3000,31165000N,087240000W,ZTL
ZJX,0,3000,31250000N,087180000W,ZTL
ZJX,0,3000,31293000N,086570000W,ZTL
ZJX,0,3000,31314500N,086444500W,ZTL
ZJX,0,3000,31344500N,086303000W,ZTL
ZJX,0,3000,31503000N,086274500W,ZTL
ZJX,0,3000,31574700N,086042800W,ZTL
ZJX,0,3000,31593000N,085590000W,ZTL
ZJX,0,3000,32003000N,085414500W,ZTL
ZJX,0,3000,31494000N,085142000W,ZTL
ZJX,0,3000,31510000N,085043000W,ZTL
ZJX,0,3000,31552500N,084414000W,ZTL
ZJX,0,3000,31571000N,084344500W,ZTL
ZJX,0,3000,32004800N,084142000W,ZTL
ZJX,0,3000,32043000N,083543000W,ZTL
ZJX,0,3000,32053000N,083480000W,ZTL
ZJX,0,3000,32070000N,083333000W,ZTL
ZJX,0,3000,32073000N,083294500W,ZTL
ZJX,0,3000,32164000N,083060000W,ZTL
ZJX,0,3000,32265000N,082384500W,ZTL
ZJX,0,3000,32200000N,082192000W,ZTL
ZJX,0,3000,32260000N,082110000W,ZTL
ZJX,0,3000,32260000N,082040000W,ZTL
ZJX,0,3000,32334500N,081560000W,ZTL
ZJX,0,3000,32404000N,081540000W,ZTL
ZJX,0,3000,32533000N,081503700W,ZTL
ZJX,0,3000,33004000N,081301500W,ZTL
ZJX,0,3000,33212300N,081272900W,ZTL
ZJX,0,3000,33464300N,081384100W,ZTL
ZJX,0,3000,33590700N,081481600W,ZTL
ZJX,0,3000,34050000N,081533000W,ZTL
ZJX,0,3000,34180000N,081500000W,ZTL
ZJX,0,3000,34283000N,081221500W,ZTL
ZJX,0,3000,34303000N,081140000W,ZTL
ZJX,0,3000,34353200N,080510600W,ZTL
ZJX,0,3000,34383900N,080432700W,ZTL
ZJX,0,3000,34421200N,080344200W,ZTL
ZJX,0,3000,34401000N,080295800W,ZTL
ZJX,0,3000,34382000N,080271000W,ZTL
ZJX,0,3000,34411300N,080203700W,ZTL
ZJX,0,3000,34512000N,080085000W,ZDC
ZJX,0,3000,34510000N,079550000W,ZDC
ZJX,0,3000,34424800N,079434100W,ZDC
ZJX,0,3000,34253000N,079200000W,ZDC
ZJX,0,3000,34253900N,079154800W,ZDC
ZLA,0,8000,34520000N,113420000W,ZAB
ZLA,0,8000,34400000N,114000000W,ZAB
ZLA,0,8000,34370000N,114000000W,ZAB
ZLA,0,8000,34353000N,114000000W,ZAB
ZLA,0,8000,34295000N,114000000W,ZAB
ZLA,0,8000,34240000N,114000000W,ZAB
ZLA,0,8000,34230000N,114000300W,ZAB
ZLA,0,8000,34100000N,114000000W,ZAB
ZLA,0,8000,34010000N,114000000W,ZAB
ZLA,0,8000,33564000N,114000000W,ZAB
ZLA,0,8000,33480000N,114000000W,ZAB
ZLA,0,8000,33420000N,114000000W,ZAB
ZLA,0,8000,33363600N,114000000W,ZAB
ZLA,0,8000,33280000N,114000000W,ZAB
ZLA,0,8000,33240000N,114000000W,ZAB
ZLA,0,8000,33173000N,113390400W,ZAB
ZLA,0,8000,33020000N,113390400W,ZAB
ZLA,0,8000,33020000N,113372000W,ZAB
ZLA,0,8000,32580000N,113372000W,ZAB
ZLA,0,8000,32441500N,113410500W,ZAB
ZLA,0,8000,32065842N,113304597W,ZAB
ZLA,0,8000,32060000N,113303000W,MZT
ZLA,0,8000,32150000N,114000000W,MZT
ZLA,0,8000,32234500N,114283000W,MZT
ZLA,0,8000,32293500N,114484500W,MZT
ZLA,0,8000,32425500N,114425500W,MZT
ZLA,0,8000,32413000N,115053000W,MZT
ZLA,0,8000,32383000N,115483000W,MZT
ZLA,0,8000,32370000N,116060000W,MZT
ZLA,0,8000,32352500N,116290000W,MZT
ZLA,0,8000,32341732N,116453006W,MZT
ZLA,0,8000,32335000N,116520000W,MZT
ZLA,0,8000,32320300N,117072500W,MZT
ZLA,0,8000,32264800N,117185100W,MZT
ZLA,0,8000,30500000N,120400000W,MZT
ZLA,0,8000,30450000N,120500000W,ZAK
ZLA,0,8000,31360000N,121210000W,ZAK
ZLA,0,8000,31542700N,121323143W,ZAK
ZLA,0,8000,32300000N,121550000W,ZAK
ZLA,0,8000,33000000N,122173000W,ZAK
ZLA,0,8000,33121179N,122242464W,ZAK
ZLA,0,8000,33290000N,122340000W,ZAK
ZLA,0,8000,33450000N,122460000W,ZAK
ZLA,0,8000,34025603N,122571143W,ZAK
ZLA,0,8000,34124200N,123032000W,ZAK
ZLA,0,8000,34224711N,123100712W,ZAK
ZLA,0,8000,34300000N,123150000W,ZOA
ZLA,0,8000,35221800N,121141400W,ZOA
ZLA,0,8000,35320000N,120510000W,ZOA
ZLA,0,8000,35241000N,120423000W,ZOA
ZLA,0,8000,35241000N,120314000W,ZOA
ZLA,0,8000,35300000N,120200000W,ZOA
ZLA,0,8000,35415800N,120171700W,ZOA
ZLA,0,8000,35430000N,120135500W,ZOA
ZLA,0,8000,35450000N,120070000W,ZOA
ZLA,0,8000,35431100N,119550300W,ZOA
ZLA,0,8000,35410400N,119424600W,ZOA
ZLA,0,8000,35393900N,119343500W,ZOA
ZLA,0,8000,35384300N,119292500W,ZOA
ZLA,0,8000,35494000N,119222000W,ZOA
ZLA,0,8000,36043000N,119123000W,ZOA
ZLA,0,8000,36080000N,119100000W,ZOA
ZLA,0,8000,36080000N,119022000W,ZOA
ZLA,0,8000,36080000N,119000000W,ZOA
ZLA,0,8000,36080000N,118350000W,ZOA
ZLA,0,8000,36341500N,118350000W,ZOA
ZLA,0,8000,36454500N,118350000W,ZOA
ZLA,0,8000,37045000N,118350000W,ZOA
ZLA,0,8000,37120000N,118350300W,ZOA
ZLA,0,8000,37120000N,118260000W,ZOA
ZLA,0,8000,37020000N,118200000W,ZOA
ZLA,0,8000,37090000N,118000000W,ZOA
ZLA,0,8000,37120000N,118000000W,ZOA
ZLA,0,8000,37120000N,117200000W,ZOA
ZLA,0,8000,37300000N,117300300W,ZOA
ZLA,0,8000,37530300N,117380100W,ZOA
ZLA,0,8000,38174400N,117221800W,ZOA
ZLA,0,8000,38174500N,117164100W,ZLC
ZLA,0,8000,38204500N,117005000W,ZLC
ZLA,0,8000,38140000N,116185200W,ZLC
ZLA,0,8000,37530000N,116110300W,ZLC
ZLA,0,8000,37595900N,114420600W,ZLC
ZLA,0,8000,38010000N,114300300W,ZLC
ZLA,0,8000,38010000N,114120300W,ZLC
ZLA,0,8000,37534400N,113420300W,ZLC
ZLA,0,8000,37492500N,113420100W,ZLC
ZLA,0,8000,37430000N,113470000W,ZLC
ZLA,0,8000,37300000N,113000000W,ZLC
ZLA,0,8000,37272223N,112251858W,ZLC
ZLA,0,8000,37245000N,111534500W,ZDV
ZLA,0,8000,37244500N,111524500W,ZDV
ZLA,0,8000,37001800N,111430640W,ZDV
ZLA,0,8000,36440000N,111363000W,ZDV
ZLA,0,8000,36305400N,111320800W,ZDV
ZLA,0,8000,36251500N,111301500W,ZDV
ZLA,0,8000,35460000N,111503000W,ZAB
ZLA,0,8000,35240000N,112000000W,ZAB
ZLA,0,8000,35234800N,112091100W,ZAB
ZLA,0,8000,35230000N,112400000W,ZAB
ZLA,0,8000,35152000N,112554000W,ZAB
ZLA,0,8000,34550000N,113370000W,ZAB
ZMA,0,3000,29013000N,080065600W,ZJX
ZMA,0,3000,29492000N,079540300W,ZJX
ZMA,0,3000,30120100N,079171200W,ZJX
ZMA,0,3000,30083900N,078400900W,ZJX
ZMA,0,3000,30080500N,078341300W,ZJX
ZMA,0,3000,30042000N,077552800W,ZJX
ZMA,0,3000,30035600N,077512400W,ZJX
ZMA,0,3000,30014600N,077300000W,ZJX
ZMA,0,3000,30000000N,077130000W,ZJX
ZMA,0,3000,30000000N,077020000W,ZJX
ZMA,0,3000,30000000N,077000000W,ZWY
ZMA,0,3000,29460000N,076550500W,ZWY
ZMA,0,3000,29440000N,076542600W,ZWY
ZMA,0,3000,29383060N,076523385W,ZWY
ZMA,0,3000,29334181N,076505576W,ZWY
ZMA,0,3000,28444806N,076342500W,ZWY
ZMA,0,3000,28400660N,076323749W,ZWY
ZMA,0,3000,28111800N,076225600W,ZWY
ZMA,0,3000,27500000N,076155200W,ZWY
ZMA,0,3000,27500600N,075423200W,ZWY
ZMA,0,3000,27500500N,075105800W,ZWY
ZMA,0,3000,27500000N,074500000W,ZWY
ZMA,0,3000,27274700N,074365500W,ZWY
ZMA,0,3000,26564500N,074184900W,ZWY
ZMA,0,3000,26495400N,074144700W,ZWY
ZMA,0,3000,26280000N,074020000W,ZWY
ZMA,0,3000,25582600N,073450800W,ZWY
ZMA,0,3000,25512000N,073410200W,ZWY
ZMA,0,3000,25322700N,073301700W,ZWY
ZMA,0,3000,25000000N,073120000W,ZWY
ZMA,0,3000,25000000N,072332300W,ZWY
ZMA,0,3000,25000000N,072231300W,ZWY
ZMA,0,3000,25000000N,072040600W,ZWY
ZMA,0,3000,25000000N,071531300W,ZWY
ZMA,0,3000,25000000N,071040700W,ZWY
ZMA,0,3000,25000000N,070541300W,ZWY
ZMA,0,3000,25000000N,070084500W,ZWY
ZMA,0,3000,25000000N,069573700W,ZWY
ZMA,0,3000,25000000N,069105600W,ZWY
ZMA,0,3000,25000000N,069001300W,ZWY
ZMA,0,3000,25000000N,068293300W,ZWY
ZMA,0,3000,24002600N,068160400W,ZWY
ZMA,0,3000,23513400N,068140500W,ZWY
ZMA,0,3000,22570000N,068013900W,ZWY
ZMA,0,3000,21554562N,067480765W,ZWY
ZMA,0,3000,21504223N,067470237W,ZWY
ZMA,0,3000,21142100N,067390200W,ZWY
ZMA,0,3000,22000200N,066444200W,ZWY
ZMA,0,3000,22000500N,066432700W,ZWY
ZMA,0,3000,22055000N,065080500W,ZWY
ZMA,0,3000,22024600N,064312000W,ZWY
ZMA,0,3000,22000000N,064000000W,ZWY
ZMA,0,3000,20465400N,062435400W,ZWY
ZMA,0,3000,20000000N,061540000W,ZWY
ZMA,0,3000,19202913N,061460106W,ZWY
ZMA,0,3000,18000000N,061300000W,TZP
ZMA,0,3000,18000000N,062000000W,TZP
ZMA,0,3000,17462400N,062213100W,TZP
ZMA,0,3000,17303000N,062470000W,TZP
ZMA,0,3000,17220000N,063000000W,TZP
ZMA,0,3000,17150000N,063000000W,TZP
ZMA,0,3000,16310000N,063000000W,TZP
ZMA,0,3000,15350000N,063000000W,TZP
ZMA,0,3000,15200000N,063000000W,TZP
ZMA,0,3000,15000000N,063150000W,TZP
ZMA,0,3000,15000000N,064450000W,TZP
ZMA,0,3000,15000000N,065000000W,VZM
ZMA,0,3000,15130000N,065370000W,VZM
ZMA,0,3000,15250000N,066150000W,VZM
ZMA,0,3000,15403000N,067030000W,VZM
ZMA,0,3000,15410000N,067040000W,NCF
ZMA,0,3000,16000000N,068000000W,DCS
ZMA,0,3000,16200000N,068000000W,DCS
ZMA,0,3000,17500000N,068000000W,DCS
ZMA,0,3000,18400000N,068000000W,DCS
ZMA,0,3000,19000000N,068000000W,DCS
ZMA,0,3000,19390000N,069090000W,DCS
ZMA,0,3000,19565455N,069395742W,DCS
ZMA,0,3000,19570135N,069415520W,DCS
ZMA,0,3000,19592320N,069441420W,DCS
ZMA,0,3000,20101422N,070030940W,DCS
ZMA,0,3000,20104550N,070040356W,DCS
ZMA,0,3000,20170000N,070150000W,DCS
ZMA,0,3000,20194772N,070201320W,DCS
ZMA,0,3000,20201690N,070210936W,DCS
ZMA,0,3000,20225200N,070255800W,DCS
ZMA,0,3000,20241300N,070283100W,DCS
ZMA,0,3000,20250000N,070300000W,DCS
ZMA,0,3000,20250000N,070471437W,DCS
ZMA,0,3000,20250000N,070481437W,DCS
ZMA,0,3000,20250600N,070572200W,DCS
ZMA,0,3000,20250000N,071063600W,DCS
ZMA,0,3000,20250000N,071073600W,DCS
ZMA,0,3000,20250100N,071230146W,DCS
ZMA,0,3000,20250100N,071240536W,DCS
ZMA,0,3000,20250000N,071400000W,DCS
ZMA,0,3000,19290100N,071421100W,DCS
ZMA,0,3000,17544600N,071562500W,DCS
ZMA,0,3000,17562100N,072060400W,TEG
ZMA,0,3000,18145800N,074394200W,TEG
ZMA,0,3000,20000000N,073200000W,HAV
ZMA,0,3000,20281500N,073452500W,HAV
ZMA,0,3000,20390417N,073550123W,HAV
ZMA,0,3000,20490780N,074040804W,HAV
ZMA,0,3000,20534600N,074081819W,HAV
ZMA,0,3000,21102282N,074232883W,HAV
ZMA,0,3000,21162761N,074290332W,HAV
ZMA,0,3000,21500000N,075000000W,HAV
ZMA,0,3000,21583105N,075083148W,HAV
ZMA,0,3000,22000000N,075100000W,HAV
ZMA,0,3000,22011574N,075114226W,HAV
ZMA,0,3000,22184900N,075352100W,HAV
ZMA,0,3000,22362400N,076000000W,HAV
ZMA,0,3000,23363300N,077253300W,HAV
ZMA,0,3000,23500000N,077450000W,HAV
ZMA,0,3000,24000000N,078000000W,HAV
ZMA,0,3000,24000000N,078100000W,HAV
ZMA,0,3000,24000000N,078350000W,HAV
ZMA,0,3000,24000000N,078590000W,HAV
ZMA,0,3000,24000000N,079095500W,HAV
ZMA,0,3000,24000200N,079495900W,HAV
ZMA,0,3000,24000457N,079585808W,HAV
ZMA,0,3000,24000000N,080580600W,HAV
ZMA,0,3000,24000000N,081032800W,HAV
ZMA,0,3000,24000000N,081072046W,HAV
ZMA,0,3000,24000000N,081082900W,HAV
ZMA,0,3000,24000000N,081190000W,HAV
ZMA,0,3000,24000000N,081300000W,HAV
ZMA,0,3000,23595500N,082240200W,HAV
ZMA,0,3000,23595500N,082340200W,HAV
ZMA,0,3000,24000000N,082585000W,HAV
ZMA,0,3000,24000000N,083085000W,HAV
ZMA,0,3000,24000000N,083300000W,HAV
ZMA,0,3000,24000000N,084202500W,HAV
ZMA,0,3000,24000000N,084301500W,HAV
ZMA,0,3000,24000000N,084401000W,HAV
ZMA,0,3000,24000000N,084595900W,ZHU
ZMA,0,3000,25020100N,084595900W,ZHU
ZMA,0,3000,26120000N,085053000W,ZHU
ZMA,0,3000,26361000N,085245000W,ZHU
ZMA,0,3000,27000000N,086000000W,ZJX
ZMA,0,3000,27300000N,085150000W,ZJX
ZMA,0,3000,28023500N,084564000W,ZJX
ZMA,0,3000,28034500N,084365800W,ZJX
ZMA,0,3000,28100000N,084300000W,ZJX
ZMA,0,3000,28325300N,084003600W,ZJX
ZMA,0,3000,28240000N,083310000W,ZJX
ZMA,0,3000,28093000N,083123000W,ZJX
ZMA,0,3000,28443000N,082430000W,ZJX
ZMA,0,3000,28411300N,082215500W,ZJX
ZMA,0,3000,28380000N,082023000W,ZJX
ZMA,0,3000,28335000N,081572500W,ZJX
ZMA,0,3000,28274200N,081574700W,ZJX
ZMA,0,3000,28223000N,081580800W,ZJX
ZMA,0,3000,28094500N,081544300W,ZJX
ZMA,0,3000,28060000N,081400000W,ZJX
ZMA,0,3000,27570000N,081400000W,ZJX
ZMA,0,3000,28000000N,081223000W,ZJX
ZMA,0,3000,28000000N,081140000W,ZJX
ZMA,0,3000,28000000N,081023000W,ZJX
ZMA,0,3000,27560000N,080553000W,ZJX
ZMA,0,3000,27553800N,080424800W,ZJX
ZMA,0,3000,27550000N,080230000W,ZJX
ZMA,0,3000,28010000N,080100000W,ZJX
ZMA,0,3000,28500000N,080100000W,ZJX
ZMA,0,3000,29002800N,080120600W,ZJX
ZME,0,3000,33570000N,093093000W,ZFW
ZME,0,3000,34020000N,093323000W,ZFW
ZME,0,3000,34052000N,093393000W,ZFW
ZME,0,3000,34160000N,094000000W,ZFW
ZME,0,3000,34320000N,094320000W,ZFW
ZME,0,3000,34413000N,094470000W,ZFW
ZME,0,3000,34452000N,094490000W,ZFW
ZME,0,3000,34560000N,094553000W,ZFW
ZME,0,3000,35040000N,095000000W,ZFW
ZME,0,3000,35230000N,095000000W,ZFW
ZME,0,3000,35391500N,095000000W,ZFW
ZME,0,3000,35521500N,095220000W,ZKC
ZME,0,3000,36173000N,094551500W,ZKC
ZME,0,3000,36202500N,095010000W,ZKC
ZME,0,3000,36253300N,094423600W,ZKC
ZME,0,3000,36280000N,094420000W,ZKC
ZME,0,3000,36370000N,094310000W,ZKC
ZME,0,3000,36433000N,094180000W,ZKC
ZME,0,3000,36450000N,094030000W,ZKC
ZME,0,3000,36414500N,093563000W,ZKC
ZME,0,3000,36370600N,093471300W,ZKC
ZME,0,3000,36311000N,093350000W,ZKC
ZME,0,3000,36230000N,093313500W,ZKC
ZME,0,3000,36250000N,093060000W,ZKC
ZME,0,3000,36253000N,093000000W,ZKC
ZME,0,3000,36411757N,092415610W,ZKC
ZME,0,3000,36505236N,092305357W,ZKC
ZME,0,3000,37061200N,090525800W,ZKC
ZME,0,3000,37090000N,090340000W,ZKC
ZME,0,3000,37110300N,090250100W,ZKC
ZME,0,3000,37113200N,090225500W,ZKC
ZME,0,3000,37121100N,090200800W,ZKC
ZME,0,3000,37161500N,090020400W,ZKC
ZME,0,3000,37303000N,090053000W,ZKC
ZME,0,3000,37361500N,089273000W,ZKC
ZME,0,3000,37273000N,089110000W,ZKC
ZME,0,3000,37290000N,089030000W,ZKC
ZME,0,3000,37320000N,088500000W,ZKC
ZME,0,3000,37433000N,088190000W,ZID
ZME,0,3000,37243900N,087500400W,ZID
ZME,0,3000,37140000N,087343000W,ZID
ZME,0,3000,37163000N,087235000W,ZID
ZME,0,3000,37172000N,086550000W,ZID
ZME,0,3000,37180000N,086290000W,ZID
ZME,0,3000,37180000N,086090000W,ZID
ZME,0,3000,37114000N,086000000W,ZID
ZME,0,3000,37100000N,085574900W,ZID
ZME,0,3000,36540000N,085350000W,ZID
ZME,0,3000,36110000N,085240000W,ZTL
ZME,0,3000,35493000N,085191500W,ZTL
ZME,0,3000,35390000N,085170000W,ZTL
ZME,0,3000,35321500N,085153000W,ZTL
ZME,0,3000,35200000N,085300000W,ZTL
ZME,0,3000,34583000N,085473000W,ZTL
ZME,0,3000,34484000N,085555000W,ZTL
ZME,0,3000,34381000N,086043000W,ZTL
ZME,0,3000,34231500N,086103000W,ZTL
ZME,0,3000,34140248N,086270083W,ZTL
ZME,0,3000,34090000N,086360000W,ZTL
ZME,0,3000,34060000N,086424800W,ZTL
ZME,0,3000,34060000N,087020000W,ZTL
ZME,0,3000,34060000N,087150000W,ZTL
ZME,0,3000,34010000N,087330000W,ZTL
ZME,0,3000,33532500N,087340000W,ZTL
ZME,0,3000,33401500N,087353000W,ZTL
ZME,0,3000,33304500N,087365000W,ZTL
ZME,0,3000,33264500N,087370000W,ZTL
ZME,0,3000,33190000N,087380000W,ZTL
ZME,0,3000,33171000N,087402700W,ZTL
ZME,0,3000,33143000N,087433000W,ZTL
ZME,0,3000,33110000N,087483000W,ZTL
ZME,0,3000,33023500N,087591000W,ZTL
ZME,0,3000,32415000N,087510000W,ZTL
ZME,0,3000,32374000N,087564500W,ZTL
ZME,0,3000,32353000N,087593000W,ZTL
ZME,0,3000,32283000N,087515000W,ZTL
ZME,0,3000,32143000N,087514500W,ZTL
ZME,0,3000,32152000N,088041500W,ZTL
ZME,0,3000,32034500N,088041500W,ZTL
ZME,0,3000,32041000N,088205000W,ZTL
ZME,0,3000,31310000N,088193000W,ZHU
ZME,0,3000,31325000N,088540000W,ZHU
ZME,0,3000,31570000N,089100000W,ZHU
ZME,0,3000,31570000N,089250000W,ZHU
ZME,0,3000,31375000N,089510000W,ZHU
ZME,0,3000,31380000N,089560000W,ZHU
ZME,0,3000,31381000N,090020000W,ZHU
ZME,0,3000,31390000N,090204500W,ZHU
ZME,0,3000,31434500N,090393000W,ZHU
ZME,0,3000,31460000N,090480000W,ZHU
ZME,0,3000,31480000N,090543000W,ZHU
ZME,0,3000,31544500N,091183000W,ZHU
ZME,0,3000,32090000N,091330000W,ZFW
ZME,0,3000,32224500N,091260000W,ZFW
ZME,0,3000,32390000N,091260000W,ZFW
ZME,0,3000,32451000N,091310000W,ZFW
ZME,0,3000,32520000N,091363000W,ZFW
ZME,0,3000,33001500N,091540000W,ZFW
ZME,0,3000,33290000N,092320000W,ZFW
ZME,0,3000,33520000N,092310000W,ZFW
ZME,0,3000,33540000N,092420000W,ZFW
ZME,0,3000,33460000N,092550000W,ZFW
ZME,0,3000,33493000N,092593000W,ZFW
ZNY,0,4000,42330000N,076111000W,ZBW
ZNY,0,4000,42315000N,076003300W,ZBW
ZNY,0,4000,42300000N,075440000W,ZBW
ZNY,0,4000,42142500N,075331500W,ZBW
ZNY,0,4000,42142500N,075195500W,ZBW
ZNY,0,4000,42071500N,075150000W,ZBW
ZNY,0,4000,42065000N,074545000W,ZBW
ZNY,0,4000,42103000N,074180000W,ZBW
ZNY,0,4000,42083000N,074000000W,ZBW
ZNY,0,4000,42000000N,074023500W,ZBW
ZNY,0,4000,41591800N,074024400W,ZBW
ZNY,0,4000,41583000N,073280000W,ZBW
ZNY,0,4000,42031000N,073224000W,ZBW
ZNY,0,4000,41351500N,073180000W,ZBW
ZNY,0,4000,41351700N,073163100W,ZBW
ZNY,0,4000,41351500N,073125000W,ZBW
ZNY,0,4000,41354000N,073000000W,ZBW
ZNY,0,4000,41260000N,073000000W,ZBW
ZNY,0,4000,41250000N,072554500W,ZBW
ZNY,0,4000,41251300N,072432300W,ZBW
ZNY,0,4000,41253000N,072405000W,ZBW
ZNY,0,4000,41290000N,072280000W,ZBW
ZNY,0,4000,41214500N,072230000W,ZBW
ZNY,0,4000,41101000N,072171500W,ZBW
ZNY,0,4000,41073000N,072150000W,ZBW
ZNY,0,4000,41035400N,072102700W,ZBW
ZNY,0,4000,40563400N,071512400W,ZBW
ZNY,0,4000,40455300N,071511000W,ZBW
ZNY,0,4000,40440000N,072000000W,ZBW
ZNY,0,4000,40420000N,072070000W,ZBW
ZNY,0,4000,40413000N,072103000W,ZBW
ZNY,0,4000,40400000N,072300000W,ZBW
ZNY,0,4000,40173000N,072592000W,ZBW
ZNY,0,4000,40115500N,072465500W,ZBW
ZNY,0,4000,40042000N,072300000W,ZBW
ZNY,0,4000,40232300N,071300000W,ZBW
ZNY,0,4000,40262900N,071200700W,ZDC
ZNY,0,4000,40253400N,071193000W,ZDC
ZNY,0,4000,40255700N,071181800W,ZDC
ZNY,0,4000,40265200N,071184000W,ZBW
ZNY,0,4000,40343600N,070524600W,ZBW
ZNY,0,4000,40504700N,069410300W,ZBW
ZNY,0,4000,40553000N,069203000W,ZBW
ZNY,0,4000,41000000N,069000000W,ZBW
ZNY,0,4000,41370000N,067000000W,ZWY
ZNY,0,4000,41090500N,067000000W,ZWY
ZNY,0,4000,41070004N,067000162W,ZWY
ZNY,0,4000,41050500N,067000000W,ZWY
ZNY,0,4000,40364000N,067000000W,ZWY
ZNY,0,4000,40070011N,067000088W,ZWY
ZNY,0,4000,39510500N,067000000W,ZWY
ZNY,0,4000,39364000N,067000000W,ZWY
ZNY,0,4000,39093900N,067000000W,ZWY
ZNY,0,4000,39065992N,067000067W,ZWY
ZNY,0,4000,39000000N,067000000W,ZWY
ZNY,0,4000,38570300N,067150000W,ZWY
ZNY,0,4000,38530300N,067334100W,ZWY
ZNY,0,4000,38524300N,067351800W,ZWY
ZNY,0,4000,38372200N,068425000W,ZWY
ZNY,0,4000,38350500N,068530000W,ZWY
ZNY,0,4000,38275200N,069235800W,ZWY
ZNY,0,4000,38143500N,069343900W,ZWY
ZNY,0,4000,38104763N,069384067W,ZWY
ZNY,0,4000,37582000N,069514900W,ZWY
ZNY,0,4000,37431800N,070103500W,ZWY
ZNY,0,4000,37294300N,070305600W,ZWY
ZNY,0,4000,37172000N,070522600W,ZWY
ZNY,0,4000,37063000N,071150400W,ZWY
ZNY,0,4000,36571300N,071385100W,ZWY
ZNY,0,4000,36493600N,072032200W,ZWY
ZNY,0,4000,36483200N,072073400W,ZWY
ZNY,0,4000,36433100N,072283600W,ZWY
ZNY,0,4000,36420900N,072395800W,ZDC
ZNY,0,4000,37133900N,072400000W,ZDC
ZNY,0,4000,37053691N,074272201W,ZDC
ZNY,0,4000,37045400N,074355900W,ZDC
ZNY,0,4000,38323000N,073590000W,ZDC
ZNY,0,4000,38441500N,073514000W,ZDC
ZNY,0,4000,38170000N,072500200W,ZDC
ZNY,0,4000,38200000N,072480000W,ZDC
ZNY,0,4000,38460000N,072300000W,ZDC
ZNY,0,4000,39054800N,072161200W,ZDC
ZNY,0,4000,39201400N,072300000W,ZDC
ZNY,0,4000,39440000N,072530100W,ZDC
ZNY,0,4000,39440000N,073090000W,ZDC
ZNY,0,4000,39440000N,073170000W,ZDC
ZNY,0,4000,39440000N,073275100W,ZDC
ZNY,0,4000,39245500N,073454700W,ZDC
ZNY,0,4000,39185200N,073553500W,ZDC
ZNY,0,4000,39231000N,073595600W,ZDC
ZNY,0,4000,39254200N,074023400W,ZDC
ZNY,0,4000,39343000N,073560000W,ZDC
ZNY,0,4000,39395100N,074033900W,ZDC
ZNY,0,4000,39430000N,074102000W,ZDC
ZNY,0,4000,39432500N,074173500W,ZDC
ZNY,0,4000,39445000N,074192000W,ZDC
ZNY,0,4000,39445700N,074234000W,ZDC
ZNY,0,4000,39445000N,074244000W,ZDC
ZNY,0,4000,39430000N,074262500W,ZDC
ZNY,0,4000,39392000N,074300000W,ZDC
ZNY,0,4000,39433000N,074433000W,ZDC
ZNY,0,4000,39431300N,074463400W,ZDC
ZNY,0,4000,39425900N,074492100W,ZDC
ZNY,0,4000,39423500N,074544000W,ZDC
ZNY,0,4000,39391800N,074582800W,ZDC
ZNY,0,4000,39325000N,075054500W,ZDC
ZNY,0,4000,39310000N,075100000W,ZDC
ZNY,0,4000,39294100N,075123900W,ZDC
ZNY,0,4000,39285100N,075142100W,ZDC
ZNY,0,4000,39283000N,075150000W,ZDC
ZNY,0,4000,39255500N,075184200W,ZDC
ZNY,0,4000,39230000N,075234500W,ZDC
ZNY,0,4000,39221800N,075273000W,ZDC
ZNY,0,4000,39202500N,075363000W,ZDC
ZNY,0,4000,39190500N,075363000W,ZDC
ZNY,0,4000,39160000N,075501000W,ZDC
ZNY,0,4000,39200600N,075521200W,ZDC
ZNY,0,4000,39332800N,076004800W,ZDC
ZNY,0,4000,39334800N,075582000W,ZDC
ZNY,0,4000,39412100N,075534100W,ZDC
ZNY,0,4000,39491300N,076124100W,ZDC
ZNY,0,4000,39513200N,076240700W,ZDC
ZNY,0,4000,39530500N,076320000W,ZDC
ZNY,0,4000,39530300N,076463000W,ZDC
ZNY,0,4000,39512900N,076475300W,ZDC
ZNY,0,4000,39502600N,076495300W,ZDC
ZNY,0,4000,39500300N,076520900W,ZDC
ZNY,0,4000,39501700N,076543500W,ZDC
ZNY,0,4000,39511100N,076564000W,ZDC
ZNY,0,4000,39523600N,076581100W,ZDC
ZNY,0,4000,39530100N,076583200W,ZDC
ZNY,0,4000,39525700N,077021700W,ZDC
ZNY,0,4000,39524800N,077093000W,ZDC
ZNY,0,4000,39523000N,077211800W,ZDC
ZNY,0,4000,39521700N,077263200W,ZDC
ZNY,0,4000,39521300N,077303600W,ZDC
ZNY,0,4000,39520206N,077343932W,ZDC
ZNY,0,4000,39514182N,077423789W,ZDC
ZNY,0,4000,39512000N,077502500W,ZOB
ZNY,0,4000,40092500N,077513000W,ZOB
ZNY,0,4000,40120000N,077514500W,ZOB
ZNY,0,4000,40144800N,077515100W,ZOB
ZNY,0,4000,40234400N,077542100W,ZOB
ZNY,0,4000,40311800N,077562900W,ZOB
ZNY,0,4000,40364100N,077580100W,ZOB
ZNY,0,4000,40393000N,078300000W,ZOB
ZNY,0,4000,40503000N,078300000W,ZOB
ZNY,0,4000,41083000N,078300000W,ZOB
ZNY,0,4000,41182500N,078193000W,ZOB
ZNY,0,4000,41215100N,078155500W,ZOB
ZNY,0,4000,41191000N,077535900W,ZOB
ZNY,0,4000,41183000N,077483000W,ZOB
ZNY,0,4000,41250000N,077433000W,ZOB
ZNY,0,4000,41323000N,077383000W,ZOB
ZNY,0,4000,41332000N,077380000W,ZOB
ZNY,0,4000,41381500N,077340000W,ZOB
ZNY,0,4000,41491500N,077272000W,ZOB
ZNY,0,4000,42133000N,077270000W,ZOB
ZNY,0,4000,42180000N,077352000W,ZOB
ZNY,0,4000,42245900N,077253900W,ZOB
ZNY,0,4000,42393000N,077060000W,ZOB
ZNY,0,4000,42382500N,076533000W,ZOB
ZNY,0,4000,42363000N,076481000W,ZOB
ZNY,0,4000,42434000N,076415000W,ZOB
ZNY,0,4000,42460700N,076412100W,ZBW
ZOA,0,8000,35431100N,119550300W,ZLA
ZOA,0,8000,35450000N,120070000W,ZLA
ZOA,0,8000,35430000N,120135500W,ZLA
ZOA,0,8000,35415800N,120171700W,ZLA
ZOA,0,8000,35300000N,120200000W,ZLA
ZOA,0,8000,35241000N,120314000W,ZLA
ZOA,0,8000,35241000N,120423000W,ZLA
ZOA,0,8000,35320000N,120510000W,ZLA
ZOA,0,8000,35221800N,121141400W,ZLA
ZOA,0,8000,34300000N,123150000W,ZAK
ZOA,0,8000,34550000N,123320000W,ZAK
ZOA,0,8000,34563000N,123330000W,ZAK
ZOA,0,8000,35280000N,123523000W,ZAK
ZOA,0,8000,35320000N,123545000W,ZAK
ZOA,0,8000,36000000N,124120000W,ZAK
ZOA,0,8000,35510500N,124413000W,ZAK
ZOA,0,8000,35450000N,125013000W,ZAK
ZOA,0,8000,35451200N,125040000W,ZAK
ZOA,0,8000,35440000N,125050000W,ZAK
ZOA,0,8000,35300000N,125500000W,ZAK
ZOA,0,8000,35352500N,125560500W,ZAK
ZOA,0,8000,35361800N,125555900W,ZAK
ZOA,0,8000,35361500N,125570300W,ZAK
ZOA,0,8000,35423000N,126043000W,ZAK
ZOA,0,8000,35443000N,126043000W,ZAK
ZOA,0,8000,35443000N,126063000W,ZAK
ZOA,0,8000,36273300N,126554600W,ZAK
ZOA,0,8000,36275300N,126552800W,ZAK
ZOA,0,8000,36280100N,126560000W,ZAK
ZOA,0,8000,37300200N,127000000W,ZAK
ZOA,0,8000,37302600N,126593000W,ZAK
ZOA,0,8000,37304300N,127000000W,ZAK
ZOA,0,8000,37503500N,127000000W,ZAK
ZOA,0,8000,37505500N,126593000W,ZAK
ZOA,0,8000,37511500N,127000000W,ZAK
ZOA,0,8000,38073100N,127000000W,ZAK
ZOA,0,8000,38075100N,126593000W,ZAK
ZOA,0,8000,38081100N,127000000W,ZAK
ZOA,0,8000,38273800N,127000000W,ZAK
ZOA,0,8000,38275900N,126593000W,ZAK
ZOA,0,8000,38281900N,127000000W,ZAK
ZOA,0,8000,39032900N,127000000W,ZAK
ZOA,0,8000,39034900N,126593000W,ZAK
ZOA,0,8000,39040900N,127000000W,ZAK
ZOA,0,8000,39133000N,127000000W,ZAK
ZOA,0,8000,40000000N,127000000W,ZAK
ZOA,0,8000,40002300N,126593000W,ZAK
ZOA,0,8000,40004300N,127000000W,ZAK
ZOA,0,8000,40084500N,127000000W,ZAK
ZOA,0,8000,40090500N,126593000W,ZAK
ZOA,0,8000,40092500N,127000000W,ZAK
ZOA,0,8000,40173600N,127000000W,ZAK
ZOA,0,8000,40175600N,126593000W,ZAK
ZOA,0,8000,40181600N,127000000W,ZAK
ZOA,0,8000,40371100N,127000000W,ZAK
ZOA,0,8000,40373100N,126593000W,ZAK
ZOA,0,8000,40375100N,127000000W,ZAK
ZOA,0,8000,40500000N,127000000W,ZAK
ZOA,0,8000,40590000N,126540000W,ZSE
ZOA,0,8000,40582000N,126523000W,ZSE
ZOA,0,8000,40280000N,125500000W,ZSE
ZOA,0,8000,40130000N,125200000W,ZSE
ZOA,0,8000,40130000N,124400000W,ZSE
ZOA,0,8000,40130000N,123500000W,ZSE
ZOA,0,8000,40231500N,123320000W,ZSE
ZOA,0,8000,41200000N,123320000W,ZSE
ZOA,0,8000,41200000N,122444000W,ZSE
ZOA,0,8000,41200000N,122250000W,ZSE
ZOA,0,8000,41173000N,122163000W,ZSE
ZOA,0,8000,41130000N,122000000W,ZSE
ZOA,0,8000,41105800N,121530000W,ZSE
ZOA,0,8000,41000000N,121150000W,ZSE
ZOA,0,8000,41000000N,121080000W,ZSE
ZOA,0,8000,41000000N,121012500W,ZSE
ZOA,0,8000,41000000N,121000000W,ZSE
ZOA,0,8000,41000100N,120494700W,ZSE
ZOA,0,8000,41000000N,119300000W,ZLC
ZOA,0,8000,40071600N,117435600W,ZLC
ZOA,0,8000,39560000N,117220000W,ZLC
ZOA,0,8000,39250000N,117200000W,ZLC
ZOA,0,8000,39122500N,117193000W,ZLC
ZOA,0,8000,38580800N,117182700W,ZLC
ZOA,0,8000,38464000N,117173000W,ZLC
ZOA,0,8000,38244700N,117165300W,ZLC
ZOA,0,8000,38174500N,117164100W,ZLA
ZOA,0,8000,38174400N,117221800W,ZLA
ZOA,0,8000,37530300N,117380100W,ZLA
ZOA,0,8000,37300000N,117300300W,ZLA
ZOA,0,8000,37120000N,117200000W,ZLA
ZOA,0,8000,37120000N,118000000W,ZLA
ZOA,0,8000,37090000N,118000000W,ZLA
ZOA,0,8000,37020000N,118200000W,ZLA
ZOA,0,8000,37120000N,118260000W,ZLA
ZOA,0,8000,37120000N,118350300W,ZLA
ZOA,0,8000,37045000N,118350000W,ZLA
ZOA,0,8000,36454500N,118350000W,ZLA
ZOA,0,8000,36341500N,118350000W,ZLA
ZOA,0,8000,36080000N,118350000W,ZLA
ZOA,0,8000,36080000N,119000000W,ZLA
ZOA,0,8000,36080000N,119022000W,ZLA
ZOA,0,8000,36080000N,119100000W,ZLA
ZOA,0,8000,36043000N,119123000W,ZLA
ZOA,0,8000,35494000N,119222000W,ZLA
ZOA,0,8000,35384300N,119292500W,ZLA
ZOA,0,8000,35393900N,119343500W,ZLA
ZOA,0,8000,35410400N,119424600W,ZLA
ZSE,0,4400,48200000N,128000000W,ZVR
ZSE,0,4400,48200819N,127575947W,ZVR
ZSE,0,4400,48215912N,127300049W,ZVR
ZSE,0,4400,48253439N,126300016W,ZVR
ZSE,0,4400,48300000N,125000000W,ZVR
ZSE,0,4400,48293640N,124433810W,ZVR
ZSE,0,4400,48175000N,124004000W,ZVR
ZSE,0,4400,48165200N,123550000W,ZVR
ZSE,0,4400,48214500N,123550000W,ZVR
ZSE,0,4400,48160300N,123194500W,ZVR
ZSE,0,4400,48170400N,123145100W,ZVR
ZSE,0,4400,48252400N,123065100W,ZVR
ZSE,0,4400,48281900N,123053800W,ZVR
ZSE,0,4400,48383000N,123013000W,ZVR
ZSE,0,4400,48383000N,122450000W,ZVR
ZSE,0,4400,48383000N,122363000W,ZVR
ZSE,0,4400,48383000N,122160000W,ZVR
ZSE,0,4400,48383000N,121580000W,ZVR
ZSE,0,4400,48513700N,121592200W,ZVR
ZSE,0,4400,48510000N,121022500W,ZVR
ZSE,0,4400,48500600N,120052400W,ZVR
ZSE,0,4400,49000000N,120000000W,ZVR
ZSE,0,4400,49000000N,119300000W,ZVR
ZSE,0,4400,49000000N,118400000W,ZVR
ZSE,0,4400,49000000N,117400000W,ZVR
ZSE,0,4400,49000000N,117010000W,ZVR
ZSE,0,4400,49000000N,116480400W,ZVR
ZSE,0,4400,49000000N,116423200W,ZVR
ZSE,0,4400,49000000N,116020000W,ZVR
ZSE,0,4400,49000000N,115300000W,ZEG
ZSE,0,4400,49000000N,114400000W,ZLC
ZSE,0,4400,48570000N,114420000W,ZLC
ZSE,0,4400,48550000N,114430400W,ZLC
ZSE,0,4400,48250000N,115000000W,ZLC
ZSE,0,4400,47350000N,115000000W,ZLC
ZSE,0,4400,47090000N,115000000W,ZLC
ZSE,0,4400,46250000N,115000000W,ZLC
ZSE,0,4400,45200000N,115000000W,ZLC
ZSE,0,4400,45200000N,117003600W,ZLC
ZSE,0,4400,45200000N,117300000W,ZLC
ZSE,0,4400,45200000N,117450000W,ZLC
ZSE,0,4400,45140000N,117550000W,ZLC
ZSE,0,4400,45074800N,118034200W,ZLC
ZSE,0,4400,44510000N,118270000W,ZLC
ZSE,0,4400,44420000N,118323000W,ZLC
ZSE,0,4400,43440000N,119130000W,ZLC
ZSE,0,4400,43380000N,119170000W,ZLC
ZSE,0,4400,43320000N,119150000W,ZLC
ZSE,0,4400,42400000N,119000000W,ZLC
ZSE,0,4400,42200000N,119060000W,ZLC
ZSE,0,4400,41000000N,119300000W,ZOA
ZSE,0,4400,41000100N,120494700W,ZOA
ZSE,0,4400,41000000N,121000000W,ZOA
ZSE,0,4400,41000000N,121012500W,ZOA
ZSE,0,4400,41000000N,121080000W,ZOA
ZSE,0,4400,41000000N,121150000W,ZOA
ZSE,0,4400,41105800N,121530000W,ZOA
ZSE,0,4400,41130000N,122000000W,ZOA
ZSE,0,4400,41173000N,122163000W,ZOA
ZSE,0,4400,41200000N,122250000W,ZOA
ZSE,0,4400,41200000N,122444000W,ZOA
ZSE,0,4400,41200000N,123320000W,ZOA
ZSE,0,4400,40231500N,123320000W,ZOA
ZSE,0,4400,40130000N,123500000W,ZOA
ZSE,0,4400,40130000N,124400000W,ZOA
ZSE,0,4400,40130000N,125200000W,ZOA
ZSE,0,4400,40280000N,125500000W,ZOA
ZSE,0,4400,40582000N,126523000W,ZOA
ZSE,0,4400,40590000N,126540000W,ZAK
ZSE,0,4400,41440000N,126501930W,ZAK
ZSE,0,4400,41500000N,126494965W,ZAK
ZSE,0,4400,42000000N,126490000W,ZAK
ZSE,0,4400,42250000N,126470000W,ZAK
ZSE,0,4400,43000000N,126432200W,ZAK
ZSE,0,4400,43162000N,126413900W,ZAK
ZSE,0,4400,43203500N,126411200W,ZAK
ZSE,0,4400,43320000N,126400000W,ZAK
ZSE,0,4400,44040000N,126360000W,ZAK
ZSE,0,4400,44300000N,126333000W,ZAK
ZSE,0,4400,45000000N,126300000W,ZAK
ZSE,0,4400,45483500N,126504900W,ZAK
ZSE,0,4400,47000000N,127224000W,ZAK
ZSE,0,4400,48000000N,127504300W,ZAK
ZSE,0,4400,48100000N,127553000W,ZAK
ZTL,0,3000,34231500N,086103000W,ZME
ZTL,0,3000,34381000N,086043000W,ZME
ZTL,0,3000,34484000N,085555000W,ZME
ZTL,0,3000,34583000N,085473000W,ZME
ZTL,0,3000,35200000N,085300000W,ZME
ZTL,0,3000,35321500N,085153000W,ZME
ZTL,0,3000,35390000N,085170000W,ZME
ZTL,0,3000,35493000N,085191500W,ZME
ZTL,0,3000,36110000N,085240000W,ZID
ZTL,0,3000,36234500N,084350000W,ZID
ZTL,0,3000,36304500N,084064000W,ZID
ZTL,0,3000,36390000N,083333000W,ZID
ZTL,0,3000,36424000N,083191000W,ZID
ZTL,0,3000,36402000N,083110000W,ZID
ZTL,0,3000,36454000N,083074500W,ZID
ZTL,0,3000,36455300N,083064300W,ZID
ZTL,0,3000,36474000N,082583000W,ZID
ZTL,0,3000,36503500N,082453000W,ZID
ZTL,0,3000,36573500N,082152000W,ZID
ZTL,0,3000,37020000N,081560000W,ZID
ZTL,0,3000,37124000N,081094500W,ZDC
ZTL,0,3000,36571500N,081054500W,ZDC
ZTL,0,3000,36430000N,080593000W,ZDC
ZTL,0,3000,36365000N,080393000W,ZDC
ZTL,0,3000,36483000N,080192500W,ZDC
ZTL,0,3000,36410500N,080153400W,ZDC
ZTL,0,3000,36473400N,080041500W,ZDC
ZTL,0,3000,36414900N,079551500W,ZDC
ZTL,0,3000,36223900N,079335500W,ZDC
ZTL,0,3000,36172700N,079281900W,ZDC
ZTL,0,3000,36143000N,079192200W,ZDC
ZTL,0,3000,35421500N,079293000W,ZDC
ZTL,0,3000,35253400N,079344400W,ZDC
ZTL,0,3000,35230000N,079481500W,ZDC
ZTL,0,3000,35180000N,080000000W,ZDC
ZTL,0,3000,35063000N,080000000W,ZDC
ZTL,0,3000,34512000N,080085000W,ZJX
ZTL,0,3000,34411300N,080203700W,ZJX
ZTL,0,3000,34382000N,080271000W,ZJX
ZTL,0,3000,34401000N,080295800W,ZJX
ZTL,0,3000,34421200N,080344200W,ZJX
ZTL,0,3000,34383900N,080432700W,ZJX
ZTL,0,3000,34353200N,080510600W,ZJX
ZTL,0,3000,34303000N,081140000W,ZJX
ZTL,0,3000,34283000N,081221500W,ZJX
ZTL,0,3000,34180000N,081500000W,ZJX
ZTL,0,3000,34050000N,081533000W,ZJX
ZTL,0,3000,33590700N,081481600W,ZJX
ZTL,0,3000,33464300N,081384100W,ZJX
ZTL,0,3000,33212300N,081272900W,ZJX
ZTL,0,3000,33004000N,081301500W,ZJX
ZTL,0,3000,32533000N,081503700W,ZJX
ZTL,0,3000,32404000N,081540000W,ZJX
ZTL,0,3000,32334500N,081560000W,ZJX
ZTL,0,3000,32260000N,082040000W,ZJX
ZTL,0,3000,32260000N,082110000W,ZJX
ZTL,0,3000,32200000N,082192000W,ZJX
ZTL,0,3000,32265000N,082384500W,ZJX
ZTL,0,3000,32164000N,083060000W,ZJX
ZTL,0,3000,32073000N,083294500W,ZJX
ZTL,0,3000,32070000N,083333000W,ZJX
ZTL,0,3000,32053000N,083480000W,ZJX
ZTL,0,3000,32043000N,083543000W,ZJX
ZTL,0,3000,32004800N,084142000W,ZJX
ZTL,0,3000,31571000N,084344500W,ZJX
ZTL,0,3000,31552500N,084414000W,ZJX
ZTL,0,3000,31510000N,085043000W,ZJX
ZTL,0,3000,31494000N,085142000W,ZJX
ZTL,0,3000,32003000N,085414500W,ZJX
ZTL,0,3000,31593000N,085590000W,ZJX
ZTL,0,3000,31574700N,086042800W,ZJX
ZTL,0,3000,31503000N,086274500W,ZJX
ZTL,0,3000,31344500N,086303000W,ZJX
ZTL,0,3000,31314500N,086444500W,ZJX
ZTL,0,3000,31293000N,086570000W,ZJX
ZTL,0,3000,31250000N,087180000W,ZJX
ZTL,0,3000,31165000N,087240000W,ZHU
ZTL,0,3000,31213000N,087330000W,ZHU
ZTL,0,3000,31311500N,087490000W,ZHU
ZTL,0,3000,31310000N,088193000W,ZME
ZTL,0,3000,32041000N,088205000W,ZME
ZTL,0,3000,32034500N,088041500W,ZME
ZTL,0,3000,32152000N,088041500W,ZME
ZTL,0,3000,32143000N,087514500W,ZME
ZTL,0,3000,32283000N,087515000W,ZME
ZTL,0,3000,32353000N,087593000W,ZME
ZTL,0,3000,32374000N,087564500W,ZME
ZTL,0,3000,32415000N,087510000W,ZME
ZTL,0,3000,33023500N,087591000W,ZME
ZTL,0,3000,33110000N,087483000W,ZME
ZTL,0,3000,33143000N,087433000W,ZME
ZTL,0,3000,33171000N,087402700W,ZME
ZTL,0,3000,33190000N,087380000W,ZME
ZTL,0,3000,33264500N,087370000W,ZME
ZTL,0,3000,33304500N,087365000W,ZME
ZTL,0,3000,33401500N,087353000W,ZME
ZTL,0,3000,33532500N,087340000W,ZME
ZTL,0,3000,34010000N,087330000W,ZME
ZTL,0,3000,34060000N,087150000W,ZME
ZTL,0,3000,34060000N,087020000W,ZME
ZTL,0,3000,34060000N,086424800W,ZME
ZTL,0,3000,34090000N,086360000W,ZME
ZTL,0,3000,34140248N,086270083W,ZME